MetaT,353VGSZ,348VYQM,004VWZY,322VCHL,351VZDY,367VWSY,155VCHJ,215VTKH,250VSJJ,347VPZL,199VOZQ,388VDHL,390VNFD,373VHXR,357VLTS,366VZMY,040VYDY,136VZXQ,393VZLH,392VWLL,349VZNL,359VYSH,206VZFD,253VXXJ,379VLJJ,384VCZL,325VLRY,021VLSF,319VLY,372VJHK,371VTYJ,173VHJW,338VHJY,047VLRL,006VHQK,174VLBQ,195VXXY,243VHZH,350VLYY,027VYMX,220VDXP,362VLBJ,354VPYM,188VZJH,214VGWJ,C020LBJ,180VHMQ,C009HHR,364VCZ,377VHWH,C017YYM,211VLT,083VYGC,314VLLY,036VXHM,235VDBJ,316VYJH,038VLWS,342VCSL,153VWG,287VDJQ,002VWWX,361VTLX,363VLH,275VLSX,331VLDY,178VYDM,149VYYD,376VYKZ,C003XYQ,C014LWG,C001CJB,317VYL,C025PCY,C006LYH,C026CBR,C018LJP,C002HHP,227VZMH,193VZXL,C022SMR,031VPYH,C008QLX,230VLSH,C007XXZ,309VHJD,190VFYK,063VWZB,C034LJ,C031CQS,C024XHR,C013MJH,139VLTW,395VGSQ,110VZSZ,370VLZW,C010WL,358VWXC,254VLXR,086VHMX,189VXZJ
Pseudomonas aeruginosa,0.952717800073945,0.400442840929564,0.0556412278192183,0.308472031034914,0.686575787950095,0.0840700917044832,0.81186695724367,0.163989161299902,0.793277491665571,0.280503266422674,0.26311703290169,0.219730180021532,0.192367943803938,0.188232252094093,0.0438674941419016,0.776348720429897,0.0697425459595591,0.613695354653998,0.0386184028560511,0.212121477227121,0.917993209178189,0.921885644501512,0.542634114652087,0.00232500011790061,0.0931236254355659,0.00157830445536151,0.140932192448091,0.189501191982388,0.67690062789258,0.59685173539972,0.111415284838522,0.000161398862838321,0.653654597707951,0.00154751510655796,0.040907802880033,0.848290299928451,0.00792323907828742,0.0555835423362167,0.0804007722270287,0.00145037248831606,2.9144246770874e-05,7.18813481030261e-05,0.0352679282783003,0.654807940552494,0.723869512639591,0.000216530850121562,0.00015943923075368,4.92817531650063e-05,0.000244776533958215,0.0273655039857973,0.0015404698929299,0.196236044122366,0.00110712784398188,0.130826446700329,0.00191708757189078,0.00896814940766356,0.00545969883226298,0.000309597523219814,0.00102387247062296,0.0105397217991829,0.011986445751386,0.0304687652275607,0.0262588095343439,2.79750242808865e-05,0.532152578077263,0.0479211871891822,0.00234464566129654,0.000540796527373966,0.00310707634817683,8.45562589746519e-05,0.000983944939317911,0.00043486642170831,0.00120976709761629,3.73291727279937e-05,0.000138547364055848,7.34884712049722e-05,0.000304680780139153,5.24702192470835e-05,0.000475397765470436,0.0103822293828193,6.68815902800823e-05,0.0318415988153779,1.81301384410201e-05,0.0200215937719016,2.38331938594968e-05,0.00744203998210542,0.0382985477742953,0.00051792668128404,3.53797275102317e-05,0.000157147653756976,0.000144074417259922,0.00145549796756945,0.000323229691027495,0.00204861832433743,0.0221894773337956,0.00108074098702799,0.000730746769290667,0.0485538865672675,0.0175611797837154,0.219117121018149,0.00011288092302572
Haemophilus influenzae,6.51456428140549e-05,0.000281724405825441,0.000219801690030772,0.00198139573687065,0.000817888929121823,0.00228248868204163,0.000347654628476546,0.000502960227167276,0.000133828818602206,0.000490275678579012,0,6.99403758296053e-05,0,0.000336143602724532,0.00139130705785027,0.00395068492176007,0,0.0013020376405045,6.23522132637547e-05,0.000127946739162528,0.000498872898498797,0.000433236116823061,0.00111445527698174,0.633199398235264,0.00100951617452753,0.000457381150341369,0.000680775144664718,0.00385203573306317,0.0487504984197959,0.000462236753674699,0.00392333372472447,0.00109382118090137,0.000685484568404168,0.146736914368911,0.00144858337771542,0.0942003946418097,0.096437029187055,0.0483099726028873,0.0556256587920163,0.00391774553277958,0.237058369438861,0.132267360253395,0.668097819062348,0.276144386947591,0.0126647523396624,0.000912628011939128,0.000337894673484788,0.00197235398646367,0.00218949539495668,0.0026590322272016,0.00321675416047802,0.00278039878725758,0.101835924031381,0.000211762962003098,0.000542037520326407,0.000102682091025063,0.0219249285668348,0.0037282018070386,0.000901637812659606,0.000553449901333242,0.0513343451590464,0.00110281648962089,0.000431496705162315,0.0458874562382152,0.0017285459333735,0.000728537478524782,0.000287843823039138,0.000322676625947131,4.48029454057904e-05,0.00744645480948803,0.00380967436371105,0.00044771138354421,0.0139646939722957,0.00328318586707432,0.0103937531248969,0.00162916695319192,0.00408901922544232,0.00199539341734653,0.00322214041041073,0.000647521292259031,0.00249138770285356,0.000526696756146405,0.00177836684225074,0.00365578769912678,0.00204079170295022,9.12272699362286e-05,0.00375149908794985,0.00226275748941385,0.00324124410553509,0.000401170675994004,0.000475461710711074,0.000462260867665334,0.00632866195436197,3.44993878220139e-05,0.00312039525006501,4.54524511323887e-05,0.0189889339782273,0.00129108903468207,0.0128114720909178,0.000588334964982303,2.88817900842766e-05
Neisseria subflava,0.00525141564866024,0.0325566690650537,0.00115134218587547,0.0491907562674676,0.0110346685353835,0.0241301302003893,0.0123443337484433,0.00886954585104211,0.00357514129694464,0.010529997376869,0.000594622369917942,0.00275764910413872,0.00136286717786825,0.134007661896694,0.0110005083835989,0.00199401971962766,0.000558534124673874,0.0190719472602151,0.00824328234840818,0.0143201927293445,0.0152646784163589,0.014282664590482,0.0145519217753201,0.00465471626038115,0.0335176336601536,0.0577022430193822,0.0144981630808597,0.0675360655698348,0.0341966403790628,0.0167924959354757,0.0322470054954214,0.0204537886792876,0.0176068486553852,0.0507178350684086,0.0697057362823408,0.00120258073285189,0.0103908823450645,0.0318932563232913,0.0179414331536256,0.00166686074822692,0.000491078100732838,0.0531716201636865,0.00994106726031262,0.00124204429378024,0.00627671530765207,0.0255388460615764,0.014611246381923,0.0566556751986309,0.208995041095774,0.0427872184273165,0.0294143547731931,0.139567756953392,0.0718409778999523,0.102237904737545,0.0906477283992898,0.00428132108341789,0.107428245270711,0.307561445630884,0.0377055291029881,0.0739867095685763,0.0882936507936508,0.165217815027775,0.0224040752263875,0.00492714299445616,0.0412422570799025,0.152141742570581,0.00193801697292789,0.232881722518407,0.00879150941439701,0.0219636394779988,0.0011150796469496,0.00563812648257242,0.206208360374024,0.0819991556481632,0.0111292766311346,0.00537274471741774,0.0253260513793692,0.0352900896259126,0.23856537652997,0.0997443257842924,0.00684069428777261,0.0523696154965136,0.0238245127563705,0.131456821927149,0.0239778812072188,0.00848589047464496,0.108948169349068,0.146748629434654,0.0165514081084502,0.00103964911445817,0.00101505509091915,0.000371764283506782,0.0570876253141467,0.00498851220024934,0.0730403628904106,0.127132062408083,0.00164118536709543,0.114999196223186,0.0231775726445954,0.00967928684388885,0.00066382753125641
Porphyromonas gingivalis,0.00379621427670992,0.000783779100524547,0.000170956870023934,0.0384390772952905,0.00203496231171719,0.0103717581506847,0.0168690327936903,0.00127874389859134,0.000365639450823884,0.000265435876937682,7.18034559900911e-05,0.00401407799850627,0.00112452792577682,0.00389967406318683,0.0220490168606937,0.000720408551694205,0.00115732296103595,0.000240804359163937,0.0094343694992158,0.000955773077162819,2.87065275963538e-05,0.00130127804654463,0.00137046797521157,6.36663318289215e-05,0.00368812736870457,0.00499045425170037,0.00169020035916758,0.000174055837112546,0.000389685412422664,0.000362805969970573,0.00107125203124751,0.0329182553143262,0.00199090936401051,0.00410117419940426,0.00407077090635909,6.30094695356528e-05,0.0112899461709446,0.0037607049436029,0.00145302600410293,0.000317516114535931,0.671482954129659,0.0440486480300926,0.0131633447583888,9.51317251675329e-05,0.000169270019229684,0.00553746527987335,0.00279732475589865,0.00516330516562192,0.00105620051026318,0.00444048294798916,0.0304555983119328,0.00642114061010715,0.0345575975703645,0.00104704056381769,0.0487241518271557,0.00493396149247549,0.0021642411546907,0.00240569912175396,0.0125072226848361,0.00413242592995487,0.0020117940934674,0.00194367020758211,0.256041295967969,0.663751445974011,0.000529559474314656,0.00118212211058709,0.00581207938574917,0.000827283590096374,0.0106119654893835,0.00537071357075336,0.0238833432595022,0.013164939862897,0.0163075116001526,0.00249293610826759,0.0109683645763009,0.00962524308284913,0.0104141103205549,0.00391044143322543,0.00391362806927682,0.00102712167665296,0.00550748894490931,0.016484420110479,0.00860880687351447,0.110147178603224,0.0093199332193908,0.0014912149893422,0.00123857417839902,0.00816294242058333,0.00304204494825009,0.00122772926399167,0.0268045774523618,0.0679385909870662,0.00205839683084563,0.32285817748421,0.146456328912773,0.454579458978852,0.0354472080382145,0.00103517803115771,0.00050954718543423,0.0176900557270879,0.603469731241334
Haemophilus parainfluenzae,0.000161595036071227,0.00292167143475182,0.000415180970058125,0.00639260835106161,0.00930129056626608,0.0213725167306015,0.000472187629721876,0.00678161132866873,0.00143626999964153,0.00227650299161847,0.000361261137950146,0.000149872233920583,0.00012350306699283,0.00201073754261335,0.0136051743266004,0.000957876555771184,0.000109442497402313,0.00293926526838795,0.000422076520554647,0.00104544515076391,0.00917452158138406,0.00694276574169709,0.00636431567005724,0.00141952339855595,0.01048539488837,0.00240171397567917,0.00766458912872519,0.0882487101862277,0.0109605810062107,0.00692390751673447,0.0686492802027116,0.0198231393078361,0.0101302420679968,0.00586869331441222,0.0287937398193285,0.00033946351712333,0.000596825348243765,0.02136274369826,0.00228041210628322,8.28388866690879e-05,0.00091236728002446,0.0198465146996891,0.00332964622195448,0.000624389641586314,0.00166982586537391,0.00853600411915641,0.00523602545408487,0.0278108110414972,0.0207865233272264,0.0607542554755615,0.0372460069643627,0.038924984313857,0.0127107156183432,0.00297972995213411,0.00867646282536736,0.000114864711994138,0.054366725466957,0.0849860997030391,0.0078490101927295,0.00693021060359119,0.0423570269187799,0.0170685118409512,0.000820117416365584,0.00089515295643404,0.0151128126900567,0.00872143423810916,0.00110455138258683,0.00613306656767211,0.000133458950449051,0.140454720335012,0.0615567552504797,0.0116850952076689,0.112319283111782,0.0517154071163244,0.194654687279078,0.0265113541305276,0.0359755992655858,0.00569332743665707,0.0380707707739753,0.0117059077305499,0.0242051583411957,0.00737205693333042,0.00499768277368993,0.0426761123633815,0.0344831806668309,0.000471925684862413,0.00782750662622069,0.0426864125591996,0.0760951131280901,0.00400943308931031,0.0100802480790447,0.00484878270293336,0.0159986168776012,0.000290142333553484,0.00447834503481552,0.000215899142878846,0.0808852817418128,0.0202782437440573,0.0306387992884538,0.00384065065140447,1.28531526553063e-05
Prevotella melaninogenica,0.000340111018327923,0.0419803791287544,0.00144790002163128,0.0305969215367288,0.0565514562424543,0.0962978060573011,0.0025373599003736,0.0442530762235296,0.00277933778632795,0.00388160935333575,0.00756853303295554,0.000562020877202185,0.000205838444988051,0.0703234191384109,0.0534787824282371,0.00286562512785028,0.00277883306622655,0.00790903161555524,0.00190254189189405,0.0171033076965978,0.00950581042688793,0.00192287769242119,0.00348497285465359,0.00157515220969332,0.076572650170833,0.102832368265279,0.0472129300327476,0.147672573361534,0.0120197392340031,0.0101146712947983,0.0333871133744149,0.333933087872954,0.0491191113643874,0.124829813653149,0.0345209760025209,0.000940978917369044,0.00145763113897996,0.0760977028989216,0.269644752898685,0.00035073075167294,0.000232269325867033,0.281554026328499,0.0151018327377649,0.000749267569903577,0.00300416160254485,0.17310495661923,0.508782520435004,0.441044645136152,0.0116582310108293,0.0973057850380759,0.162474612324379,0.0902264552190552,0.0111789683495577,0.0652391032820831,0.0388477389567902,0.00677875838207832,0.0508042547522578,0.0205349244961142,0.320570961021937,0.0278875135340766,0.0106610594658403,0.0381097358931878,0.00603091906517562,0.00111460148023744,0.0115295267151218,0.0237457684406671,0.00955947080110288,0.0104022887524311,0.172457143924634,0.0332800249870399,0.10685851906197,0.11882559039193,0.0342105758877246,0.149569340680265,0.125533483164126,0.103250590446874,0.331055105712504,0.0306458760816339,0.0128277363383167,0.141932179686041,0.0650085180328761,0.304832644333904,0.326955933366927,0.0115166783475082,0.218001442206143,0.00297365812580591,0.0239193969383333,0.0297412306952905,0.0566745596705922,0.0956312211990704,0.37636807673923,0.170538924691534,0.0937215764588559,0.00252068908431923,0.0100834994654879,0.0415628420608266,0.113746424881329,0.0124466461601455,0.0114670864364909,0.0257737781459447,0.00251853745941712
Prevotella intermedia,7.1067973978969e-05,0.00856706131034554,0.000195379280027353,0.00816543611563008,0.0557072152833966,0.0152971284645641,0.000311332503113325,0.0372209127521761,0.00844555437393206,0.00199233046454401,0.00730600164699177,5.99488935682331e-05,5.85014527860775e-05,0.0190622001755568,0.602062807496251,0.00161158061193815,0.000689361937660547,0.00579140534150051,0.00210078995457881,0.00671665702509615,0.00111130233122396,0.00225722295649116,0.191323889664927,0.0446536787349736,0.038484622905413,0.292941824944617,0.0389755507823045,0.0104337471460845,0.0634701085171733,0.00299456256607242,0.0274068017980799,0.260908014147577,0.0155303675125831,0.0399791053784645,0.0395892205746766,0.00112539413267071,0.000929670253995095,0.0649098750831746,0.037650223469808,5.614855325542e-05,0.00613238201531631,0.100741430034727,0.0129699594772351,0.00121173684151447,0.00414635299356316,0.129974828084228,0.0555654285037827,0.0327012544865024,0.00174891279496747,0.067576221362064,0.0256782191572687,0.0265628667084964,0.00783302396100492,0.155879115310462,0.0149401505602556,0.00041420911294856,0.0341615905478533,0.0245044070259683,0.0969850860541574,0.00475585225559462,0.156649855604039,0.0119890848845142,0.0053969017076961,0.00156569276919744,0.0076105302289013,0.0217183560505096,0.0426161651908099,0.00237753967628845,0.0293736342423687,0.00964896995295152,0.0342519261651989,0.138118293312364,0.0584515679954888,0.0235909179194705,0.0547320842716711,0.0132492727002556,0.127529594361071,0.42233383565146,0.0106860453948843,0.0282615369371141,0.137913974830745,0.0525684530712554,0.193080379149337,0.00912999829522853,0.264712478831903,0.000749116235822493,0.0495197879609381,0.0360809816427082,0.108429502364373,0.0843523343459099,0.0900148886309191,0.106617316582069,0.0673570585596985,0.000325634509514261,0.00505619600704978,0.00167940580571007,0.022734011170842,0.00439734400422145,0.0684590292216212,0.0120655734618571,0.00109637392149763
Prevotella jejuni,2.19972300411094e-05,0.0675122989055781,0.000153512291450063,0.00406707545989238,0.0425312003154436,0.00448938932966911,0.000451432129514321,0.0294779235723168,0.00168958883485285,0.00207039984011392,0.00615041477715124,8.24297286563205e-05,7.36684961009865e-05,0.00599410728016276,0.0483891029492092,0.00193087279719521,0.000271719303895398,0.0142788514479118,0.000922493001363755,0.0227187479153977,0.000893781615972961,0.00110035694888756,0.00452262432216638,0.000926698829954302,0.0303618351986053,0.010224104418697,0.0322311818491261,0.0403485438128552,0.00197687125280111,0.00209902042388108,0.00411033171123452,0.0115747518786235,0.00115612935175736,0.0461639824641831,0.00557387086280573,0.00197197136264616,0.000948799271567011,0.0484123413620972,0.00546301508562879,3.3214637137009e-05,6.40878546192574e-05,0.0483641360118012,0.0171474614819452,0.00134587538024628,0.00605788424675604,0.00550709825926461,0.0929876776088501,0.0369126258564525,0.000643135371353823,0.00257038763059412,0.0363427483496073,0.00813045123405641,0.00312584132741983,0.203037334855355,0.00388825014580938,0.00104074390564386,0.0406020598476705,0.00955092563341126,0.0685423807502393,0.00427619567443914,0.00778104513164274,0.00259350940454147,0.00348253419018423,0.000208975822405938,0.0299149827729375,0.0118299775659493,0.00426738325320694,0.000472347489238518,0.0119071347344887,0.00193130608391961,0.00820839937671276,0.00510952526501329,0.00109833818242805,0.365870930507347,0.00694542105700077,0.0675362284901477,0.0165856910173655,0.0316400868795475,0.0020077685650564,0.391341674944233,0.0272117604588349,0.185292003694941,0.194627625137775,0.00113651431060936,0.217958890024607,0.000289471144989956,0.0175562094994306,0.00631885477007488,0.0909409078569812,0.03208678019157,0.0320069868832182,0.145993378374378,0.017772621693473,0.000925526742361798,0.00286036231255959,0.00109303805428642,0.0771417019811024,0.00437211334190215,0.0127318553431937,0.00281459447247534,0.000647269646365162
Escherichia coli,0.00102963957538578,0.0617205959475293,0.277358332577402,0.0708818253868936,0.00152939373739129,0.0736524408186184,0.00905977584059776,0.320688183218574,0.0373621383933372,0.226063929450267,0.120297715079399,0.282339305741855,0.190753737051137,0.0768414749491362,0.00569726327119107,0.0449437102997077,0.113558541672432,0.0261121470673296,0.261410854720942,0.184853511919278,0.00114974227603971,0.0005132906166708,0.0141935039977983,0.0354432827303896,0.285207406794723,0.0449764303654173,0.130471730225243,0.00791774001099553,0.00141445202783807,0.0512716997709101,0.0239350174748894,0.00166346422621309,0.0176459931924919,0.0188414427655541,0.0283030906107474,0.00585335468604238,0.262817398224062,0.240922180885598,0.0282984937039318,0.0127032147616919,0.000222587341695258,0.00154712497419674,0.00286544556082757,0.0022301233625557,0.025658894987015,0.000410999723571065,0.00299970750439115,0.000300872723962028,0.00106059723958172,0.0307972725585979,0.0236453446367276,0.0210379915989329,0.019143770752743,0.0013684362859977,0.119942216997833,0.152660423363482,0.00723117242266384,0.0639761167624945,0.00224310479145486,0.127055557464003,0.0275248213495225,0.0208646330766982,0.0447296965063819,0.000422064212483938,0.00931315367052513,0.244462852469409,0.00760321714760572,0.00458624930875478,0.0161912778639095,0.00225271664199636,0.0186168442531953,0.00764943740260928,0.000865909770378959,0.000252113791992738,0.00294460531438122,0.00428917791047823,0.00521477987372048,0.000209311995718527,0.0789288343951084,0.00135141188826655,0.00187659403142873,0.00537922484752426,0.000159227684782858,0.0220294357206448,0.000127855154558759,0.158907378005456,0.00689933183508521,0.0131101124065083,0.00101335631761021,0.004491609890996,0.0103910648369969,0.0136544644857889,0.0122401320982117,0.0192640610445571,0.100286036231256,0.0136186128410023,0.0406447941779848,0.119619290931884,0.015161303530889,0.13964012726862,0.00286572379467104
Neisseria flavescens,0.00118531228029209,0.00527415628991335,0.000188401448597805,0.0106265381887957,0.00211109039819869,0.00545178698212073,0.00236093814860938,0.00170746645385201,0.000595060282713379,0.0019985760145896,7.18034559900911e-05,0.000489582630807237,0.000359675598610699,0.0240730533951184,0.00194087334570113,0.000447364816669364,0.000108184537662057,0.00372944238664952,0.00187056639791264,0.00227570225809591,0.00349091124534136,0.00240163499543218,0.00256492722039013,0.000978575100333423,0.00574321386684991,0.0120091871269119,0.00278648309212766,0.00964029260586796,0.00800497101019802,0.00389143488597218,0.00628255250801989,0.0035199428176143,0.00276833807771192,0.00862853417433993,0.0139185019083798,0.000203318056162365,0.00167187613578542,0.0057676714070586,0.00316446848943477,0.000279951941583362,0.000100014405023151,0.00772175139835759,0.00159670134101484,0.000201769057213735,0.00114371634614651,0.0048814395007262,0.00291907419714752,0.00930476757438124,0.0588742523285988,0.00602294183294406,0.00589521207817699,0.0288020336904825,0.0105054340895243,0.0092728151823679,0.018672613200223,0.000849302718986963,0.0196050733625497,0.0647896000505465,0.0059194274171679,0.018206593305928,0.0211798309407871,0.046374817269272,0.00457997718449768,0.0011452544555606,0.0078134947934248,0.0234387085739171,0.000328506691876002,0.0426700332239841,0.00172562581244917,0.00516773016222765,0.000308712957549609,0.00107549098672848,0.0413287339852267,0.0134786531123726,0.00234729749246329,0.00106616504747284,0.00509466789223256,0.00744350881900321,0.0391640255679696,0.0187799611479379,0.00131356089509022,0.00901708241828083,0.00430264291837049,0.0277120072736916,0.00473463774389426,0.00152454803028044,0.0236231066141272,0.0290859862771818,0.00333242217988992,0.000171001181779967,0.000188724579607831,6.51413564062309e-05,0.00988230931327472,0.000946623490310512,0.0155152986044899,0.0289860554370471,0.000315958131803956,0.0264676856490155,0.00420603904405308,0.00163321786279087,0.000108495729766851
Klebsiella pneumoniae,0.000164979225308321,0.00061910516066324,0.00442394512633364,0.00140783381303967,0.000154208175180487,0.000786925429704478,0,0.00539893468940814,0.00148406600628517,0.00256692106873852,0.00223488256769159,0.00277513419809612,0.00320674630086647,0.000825389048795259,0.000253496145940319,0.00245472543540248,0.00417516837791123,0.00209705504739248,0.00217912991483327,0.0125114413910982,5.67077351043451e-05,0.000590205724367648,0.000428021229853001,0.000627231269129375,0.00232231136787321,0.00183261084394538,0.00232637299435426,0.000733435286039762,0.000173250979643786,0.00339361587859734,0.000343554440332422,0.000140624751779923,0.00103232337393138,0.000160107629186123,0.00037502613500821,0.000258113791276406,0.00438819663099742,0.00219554049357905,0.00102082066122884,0.00172637030643073,8.99392438291726e-06,0.000447675546216774,0.000108128587458436,0.00128862797041095,0.000869224423071351,4.17251222726904e-05,7.44087814011625e-05,6.38799907004824e-05,8.91474772173616e-05,0.000855878863796355,0.000373954647921389,0.000737009239257986,0.00129652983435592,4.52538707454911e-05,0.0012566000471225,0.00547695831281142,0.000345107172716665,0.000865214506855374,8.39652084589018e-05,0.0116275371224931,0.10136043129071,0.000381639216450638,0.00157272794862544,1.616334736229e-05,9.22954651306878e-05,0.010197189643326,0.675156416502126,0.000709626571196088,0.000296206045421321,7.2519996073396e-05,0.000181241577451188,0.000129165880171404,5.48409521240007e-05,4.02297503386148e-05,9.36758340418644e-05,0.000201381699701654,0.000106843024489363,5.18650264068633e-05,0.000774188729178005,4.12276536114522e-05,9.21802787773309e-05,0.00011395493877946,3.11643763880247e-05,0,2.55462046681481e-05,0.00217015640213682,0.000331059086740504,0.00110675110712425,0.000169888558563094,0.000162805392300717,0.000155650385276046,0.00032901105373292,0.000484218122411344,0.001065013475858,0,0.000395062743061652,0.000852038753537683,0.000852075510326189,0.00108506253326843,0.00224037954665261,4.70274173623562e-05
Fusobacterium nucleatum,0.000313037504431173,0.000753942707239571,8.02450614398057e-05,0.0451653944020356,0.00195493022080073,0.00133763825186473,0.00135948526359485,0.0012063621684824,0.000920073127890165,0.000805675955881434,0.000341066415952933,0.000467101795719149,0.000114836185098597,0.0129980062737733,0.00462261769970752,0.00344017318265825,5.53502285712848e-05,0.00221201190226973,0.000287779445832714,0.00213681990020154,0.000126252295816888,0.00065770265561182,0.00847802050981729,0.00316916851770631,0.00200842818755793,0.00451332114884763,0.00153057032524619,0.00158930985060007,0.0325155887094147,0.000549030849148869,0.000545048394788989,0.00234029917790607,0.0025052503748317,0.00311518764844511,0.00922648163779784,0.000158873876757753,0.00324428138019688,0.0054363198969847,0.00186142982896909,0.000103202622532849,0.0418821502006014,0.0164001206340345,0.00295738905402835,0.000184089710058707,0.00198625405447445,0.0214685204033576,0.00156218466923269,0.000421062621629399,0.000789743552423871,0.0258133065320981,0.0010824839766945,0.0131817485140074,0.00727426447319324,0.00681019798037201,0.010785387904452,0.000321969268468418,0.00805001240318624,0.00720959436406141,0.00327488268826653,0.000231558349523333,0.0324983136238116,0.00603800799142384,0.0318098823692544,0.144159556148743,0.00670281572384285,0.00286861632169133,0.000382970291954469,0.000110533733831166,0.000526869972828518,0.00963675223885075,0.0033318274366592,0.00720105750804016,0.00311909814130189,0.000742516340301503,0.00164953809332293,0.00182323862010646,0.00112070834000216,0.0140377384214687,0.0095794517185816,0.0037680741680389,0.00153811502670692,0.0028452659574581,0.00317441310974946,0.013884416494611,0.00122461653135867,0.000228068174840572,0.0384270410271398,0.111865446528921,0.00186472805833515,0.00840967314662796,0.00128735251278973,0.00534583957464178,0.0101278636521948,0.000210222888383063,0.0179711652364855,0.030407689807568,0.0228508108593762,0.0009551607878022,0.193384530693394,0.00159321108517208,0.0448454812889474
Aggregatibacter segnis,0,0.000184182350855329,6.97783142954832e-05,0.00103241146289576,0.00019227221842124,0.00310045919730907,0,0.00012434810044357,0.000169675823584939,0.000315400277302422,0,0,0,0.000187804927837998,0.000498505318827751,8.98287206433515e-05,0,0.00102735126095569,0.000131099525323792,0,5.57202869806376e-05,0.000284114989655703,8.32041269246955e-05,0.000294751536245007,0.00105617448511494,0.000100611508104782,0.000159630033921382,0.000172855452029011,0.000855652972598935,1.46319547925804e-05,0.000179025204139469,0.00019357836820329,0.00597636944432054,0.00754118452001115,0.000362445386070235,0.000179014403627185,0.000153032140575324,0.000592661237530542,0.000165477220436059,2.01660296903269e-05,7.66695193297865e-06,0.000414714409910464,0.0098798982421088,0.000107479205720251,0.000215018673075545,0.00102023012386273,0.000289183475836905,0.00017072486379946,0.000407758741455942,0.0015531144667676,8.89925240078264e-05,0.000971702676942088,0.00122851515452085,1.70217003043653e-05,3.090000115875e-05,0,0.0147695533934199,0.00270029064257282,0.000564579186977224,0.00012214066788044,0.00410790699635321,0.000208946496442842,0.00030606161645234,0.00421772507102548,0.176643265208455,0.00158083292615794,0.000155751109726657,0.000134196140555023,2.0580858313614e-06,0.00225096261373437,0.000288036888590635,0.000255562214668154,0.0165074304173138,0.00121706029580437,0.00461139075398196,0.000167677920214162,0.000156169507920863,4.79191690886282e-05,0.0186296165871669,0.000102382660252988,9.95146367452433e-05,0.000484043231575322,8.46713315751879e-05,0.00111757240543254,0.000194674989217962,4.7368005543811e-05,0.00270390115593538,0.00282770056971935,0.000229074326126753,2.07802920344858e-05,1.98848509824024e-05,3.81677098612078e-05,0.208511965762709,0.000125091305484137,0.0437433185981335,7.47163580258444e-05,0.000172204668992678,0.000493800105392081,0.000218377365186098,0.000487141351005347,3.47791189496525e-06
Veillonella atypica,9.30652040200784e-05,0.0226343469674175,0.000345402655762642,0.00514120051724857,0.00235801867870922,0.00054666346317378,0.000607098381070984,0.0032608897384978,0.000181624825245851,0.0353466904830308,0.000186240213974299,9.49190814830357e-05,0.000910022598894539,0.0172698879294507,0.00625796001550473,0.00261837379776264,0.000150955168830777,0.0032272624416594,0.000895313831479554,0.0751069230121506,0.000361406013276945,0.00135621740918523,0.000522425912325251,0.000337195757464288,0.00497123090985826,0.000891306857075489,0.00387807082409005,0.0372935637752591,0.000294526665394436,0.000640148022175393,0.0187628561115726,0.00506822509473136,0.000883938268154645,0.00302419122610192,0.000633231029878081,0.000174851277961437,0.000983231503196459,0.0053123998200465,0.00234614963220988,0.000146500274515022,8.69904161626424e-06,0.0231837831954257,0.00532155261101664,0.000119546061714953,0.000559658532047695,0.0211843316132442,0.000593671290442429,0.00179998639755871,0.000449830892693727,0.00210943572823523,0.0107169324556045,0.00342520703313967,0.0161378997633656,0.0178430569742113,0.0159688630988324,0.000114864711994138,0.00753723252758561,0.00949011183420737,0.000843485018498697,0.000952951669192179,0.00111327178060246,0.00383744274437189,0.00401894024226761,6.2310182287171e-05,0.0031698079884004,0.0160955411521517,0.000176205764959746,0.00265477465610499,0.00176092990017176,0.00179491526561643,0.00158032224367511,0.00618138719189222,0.00187302359892761,0.000578381481161355,0.00429307297295351,0.00226151713455513,0.000694479659180857,0.00377399465546941,0.00232896885104203,0.0336519251588245,0.00843338081495444,0.031638517108838,0.00485210390781818,0.00272763434546247,0.00286683530637422,0.00045789072025684,0.00199240126175335,0.00190826876663298,0.0535078858683865,0.00902689540850723,0.00559236224890485,0.0211111942049278,0.0055688216147954,0.00630867222776943,0.00378492386813441,0.00389770334368155,0.00385139485781884,0.0128510576333206,0.00178568991324049,0.00166851796068981,0.00520673653388428
Veillonella dispar,0.000166671319926868,0.0138240042964406,0.000631493744374123,0.0168627205606307,0.00286163525081764,0.00176147115911551,0.00154109589041096,0.00521705239323695,0.000157726821924028,0.0302034800204854,0.00153704272978789,0.000124893528267152,0.000589347968807892,0.0217738039343771,0.00450046094002827,0.00120868545895361,0.000212595196103344,0.0013468103102988,0.0024173473449948,0.0689173628099291,0.00121406746809837,0.00210653213324836,0.000392819483846399,0.000233443216706045,0.0192380697881076,0.00186594226380831,0.00373956829465826,0.083980140829178,0.000312627514013936,0.00193274821032903,0.0133587592611115,0.0100859719196059,0.00143742381608258,0.0113987417152941,0.00349804728803984,0.000129056895638203,0.00261684960383805,0.0136500658662148,0.00667046987218963,0.000184064447467592,3.19456330540777e-05,0.0349037018056278,0.0041390529075534,8.4748616520929e-05,0.000373614006407861,0.0016704587279206,0.00212684624290475,0.00992434590412067,0.00455539060240043,0.0109763407571655,0.0721304562184689,0.00501956576924366,0.041227759435856,0.012654387363853,0.0344959887935996,0.000553439066880849,0.00437269737144327,0.00801478486131295,0.00137919742196865,0.00165653280812846,0.000778631505723139,0.00463775460481435,0.00482856672394109,0.000171723610585749,0.00178893679327383,0.0156489616881521,0.000308052036642913,0.00653876630925243,0.00967332003598801,0.0112519098494796,0.0101786486866412,0.0281255480895077,0.00299787077344884,0.00142702112839058,0.0217618391660321,0.00569432146949514,0.0028773959275683,0.0025386387184417,0.0254233761244678,0.0188355066831556,0.00834633781774935,0.0147377476689637,0.0053981078793428,0.00537950107021764,0.00783019723258883,0.000759642459276673,0.00133229866870912,0.00201200336129938,0.0713513126960999,0.0121191932170589,0.00804178867985684,0.0192906079313715,0.00434543481910413,0.00707709024717198,0.00884111987518419,0.0135946413428024,0.012584417723604,0.0748420740757828,0.00111918399657875,0.010505309134724,0.00268411630832959
Moraxella catarrhalis,0,0.000129673555430855,0,0,0.000780800886989808,0.000241611752859522,0,0.000562350364692563,0.000998936538852179,0,0,0,0.000201505004040934,0,1.80869917520535e-06,9.78332601066205e-06,0.000178630283116419,3.9932381167889e-05,0.000179062766295911,0.000155285785992129,3.59713245064875e-06,3.61030097352551e-05,5.52027380558076e-05,0,0.000502637254964338,0.00315537441369107,0.35547261053793,2.76088569213004e-05,0.000141445202783807,7.14970518273815e-05,0.000133362905107944,0.000243993971058436,0.0908808704288512,0.0110767986767508,4.79266626208576e-05,2.18282805177083e-05,0.000229548210862986,0.000940176235900724,0.199506212951804,4.54724198899528e-06,5.946802460836e-06,1.65736787076925e-05,0.0360647212284684,0.0225742813205069,5.79482948714234e-05,5.59363790746258e-05,1.29058976183137e-05,6.99428318115038e-06,5.7612315208499e-06,0.0191160544228916,6.88374227516985e-05,3.47250494532601e-05,0.000132250766345959,1.38775645793552e-06,0,0,5.74221585219077e-05,0.000324603525620775,1.11394641750041e-05,0.347843899137254,8.56362908155737e-05,7.28973784231556e-05,0.0138097190755753,0.0036775919099099,1.70917528019792e-06,0.00027436908245725,7.88613213805857e-06,3.35695043487246e-06,3.81537450275459e-05,9.8830420003277e-05,1.42807683500422e-06,1.81452992477389e-06,7.29187175055965e-06,1.09244580660894e-05,3.10357467361766e-05,2.45177205868701e-05,3.88230004366524e-06,1.5408209712004e-05,8.53688467735911e-06,1.36902484399589e-05,1.42163766778919e-05,3.90460125426827e-05,0.0132990839312224,0,4.39672774220508e-05,0.000401750861834545,9.42283854192911e-05,2.61202216785899e-05,0.000495316185143243,3.25716536723746e-05,1.45203779993202e-06,6.06907047263021e-06,0.000253697722608789,2.60606886425285e-05,0.000346710583340556,0,0.00017669696470553,0,0.000106913918372361,0.00041654115520747,0
Prevotella oris,4.56865547007658e-05,0.00467857597780172,4.18669885772899e-05,0.00148083260334543,0.0106003480419954,0.00121075833695526,0.000176421751764218,0.00664798351923684,0.00135740658867952,0.000974305807112432,0.00127226748582443,5.24552818722039e-05,5.85014527860775e-05,0.00424670490810487,0.00581190697275793,0.000312177039067489,5.15763493505154e-05,0.00142183478400817,0.000166272568703346,0.00222758553567582,0.000199676117015424,0.000379866450257901,0.0059698961068469,0.000179208934036964,0.00780254202959409,0.00518612203126611,0.0072584715424252,0.0099727992740071,0.00146797882304145,0.00040636928992121,0.00711099707616326,0.00692041099651719,0.002112894665692,0.00803417779549072,0.00266831694141624,0.000175526379420747,0.000876109004793732,0.0120364109513021,0.00203106287000971,1.66073185685045e-05,0.000536588341052955,0.0163785189853817,0.00141403013634156,0.000157711001605172,0.000676317599354639,0.0970358062428525,0.00619762903813259,0.00314112749606152,0.000565055523110725,0.00202415351287838,0.00819971534795457,0.00300611160870377,0.00221189406713616,0.0221437142373535,0.003419600128235,0.000165335570294593,0.0030611752708029,0.00264855942376951,0.00749344568301445,0.000529276227481905,0.00302361980648833,0.00176590975538447,0.000801872312553224,0.000137531914242444,0.00500802600225326,0.0060693943623575,0.00815795725519228,0.00319737247395621,0.0027674921860022,0.00108169108405055,0.00484509215938629,0.00627583824955545,0.00276999978124385,0.00339974494779678,0.00274862997315858,0.00393920200447568,0.00398935579692412,0.117411986260573,0.00299377874529137,0.0200338937600632,0.0148648373140857,0.0172997178288974,0.013023956519626,0.0020836095694505,0.0055446560070721,3.33330409382374e-05,0.0259284267386901,0.00728157151194291,0.0086805478776633,0.0131499591532428,0.00537867068601486,0.0120721903794578,0.0041781822464213,0.00010300176939666,0.00239808153477218,0.000186790895064611,0.00360581602551624,0.00112240403517587,0.00592576079489361,0.000762482114617065,0.000167847052322236
Veillonella parvula,0.00013536756948375,0.00695130585860533,0.000509381694357028,0.00928127476744671,0.00156257777508835,0.00390898120827473,0.00102220838522208,0.00314767728884022,0.000105151214616019,0.00930274679291005,0.000370236569948907,0.000162361586747298,0.000296840704877504,0.0181306605153748,0.00690408301317039,0.00473157221606564,0.000104410658441287,0.000481608718327874,0.00213916054735651,0.0179562859576813,0.000901610668953785,0.00136563558563791,0.000226411229997008,0.000129690675947803,0.0100866784160776,0.00221839116643304,0.00170663286265948,0.0232526594531526,0.000256773466845193,0.00170395764448141,0.0109357582188514,0.00905804509097572,0.00092490348140589,0.00674410193442268,0.00459436969549196,4.93949234395564e-05,0.00125486355271766,0.0113898714194506,0.00616761557903804,0.000170818133847475,2.89968053875475e-05,0.00871337880418301,0.00427598032470035,3.03074522657627e-05,0.000140295871793972,0.00242763521724623,0.000908666561515961,0.00727429160274152,0.00184935531819282,0.0122736085778625,0.0418940833925066,0.00447114947098183,0.0289520543739579,0.00396460336337522,0.0263692884888483,0.000196662309929358,0.00406089505066931,0.00548350919315095,0.00139363081372229,0.00157892259207943,0.000707487510276355,0.00504434265666114,0.00411563929247312,0.000125624596215194,0.00115469033304705,0.00531809008762881,0.000138007312416025,0.00642561251654526,0.00971163209531027,0.00993560236445429,0.00328948185398647,0.0323184492377852,0.00316581169470391,0.000390316856733583,0.021292417573795,0.00210030826990478,0.00259901374156055,0.00250377961084503,0.0174579291651994,0.00542067152198454,0.0042060442799423,0.006148685942523,0.00208299414012415,0.00490595344079708,0.00383744212630222,0.000799992982517697,0.00180192891047799,0.00232246085325062,0.0179442966891256,0.00272861625991757,0.00225315932166118,0.00539270628551376,0.00298423691483524,0.00213350171020167,0.00548958423622548,0.0110656482827068,0.00381246162830745,0.0227241762368972,0.000495898600110099,0.00521970780932299,0.000995438869763314
Others,0.0344408938659032,0.328183686607705,0.656955851260545,0.390814666499812,0.111340254482529,0.649689954080269,0.138672685761727,0.359664816911342,0.144965288150175,0.390412456125011,0.588519076158784,0.486068126921799,0.60819193676643,0.39978701832459,0.167666830933653,0.149363816991325,0.806096827677127,0.293075846112704,0.666617104650996,0.358749533869251,0.0379694257848097,0.0401826498353387,0.201718805252741,0.26978961814349,0.373817901097107,0.450122307793441,0.206784276441659,0.277652670976849,0.105897980514178,0.299523430581517,0.636202665228667,0.27989918634105,0.123958004284051,0.501490498360913,0.71176186199877,0.0446625747266991,0.591790590818837,0.351426562537883,0.27830850545357,0.97676912920909,0.0407637581609418,0.210207039697964,0.156358040728232,0.0368005432891444,0.210460582197369,0.500474559660482,0.301838165297595,0.365281993917378,0.684030791053475,0.582999005652163,0.509535223365034,0.410462657400267,0.627699450686996,0.264420686921232,0.56087493353281,0.813026354489905,0.613997914427203,0.380916313893979,0.430707442216126,0.357132951389286,0.436544825987057,0.642279699834324,0.568560766914694,0.127486011292345,0.148491011874495,0.40605631804864,0.239654873284643,0.67901175636793,0.720879708207757,0.736275983887375,0.716710721802188,0.617362100381419,0.483539890792067,0.299903834817402,0.52373087961087,0.751184403210541,0.426862851874325,0.320404328368243,0.494942429383957,0.212958757675463,0.689969354338374,0.26100922483267,0.199700197162695,0.590419184361563,0.203051140373639,0.812675327409409,0.645806584901287,0.555933842702532,0.486401011333275,0.730781428869801,0.429780520856446,0.424468091491102,0.480775350353423,0.628748861085857,0.534338794025021,0.270384179060243,0.559817912280439,0.532698577927784,0.599154697615592,0.544263969425409,0.334525299427422
