name,X1,X2,Cohort,Disease,Region,Group
002VWWX,0.0174283633924979,0.0213007409074057,China,Stable,,China-
004VWZY,-0.655194866423084,-0.0951280095117909,China,Stable,,China-
006VHQK,-0.440781768129228,-0.160535846263031,China,Stable,,China-
021VLSF,-0.470758597160189,-0.147577640801564,China,Stable,,China-
027VYMX,-0.00635867393869213,0.586382681196999,China,Stable,,China-
031VPYH,0.125085117845834,-0.0816050200853196,China,Stable,,China-
036VXHM,0.0294189305811998,-0.0992453435452081,China,Stable,,China-
038VLWS,0.053118805879124,-0.017889138650285,China,Stable,,China-
040VYDY,-0.633910645951581,-0.0970200544441245,China,Stable,,China-
047VLRL,-0.53062369432828,0.282512508503805,China,Stable,,China-
063VWZB,0.0724383967497681,-0.0391285966810708,China,Stable,,China-
083VYGC,0.124131295033558,0.184360832414,China,Stable,,China-
086VHMX,0.0249262715383683,-0.0275428366891578,China,Stable,,China-
1000BRIDGE,0.291794467299162,-0.183941986290643,EMBARC,Stable,Northern_And_Western_Europe,EMBARC-Northern_And_Western_Europe
1001BRIDGE,-0.0363059255364673,0.690451564848594,EMBARC,Stable,Northern_And_Western_Europe,EMBARC-Northern_And_Western_Europe
1002BRIDGE,0.240911398395189,0.242386734399969,EMBARC,Stable,Northern_And_Western_Europe,EMBARC-Northern_And_Western_Europe
1003BRIDGE,0.28484773168884,-0.175459294575037,EMBARC,Stable,Northern_And_Western_Europe,EMBARC-Northern_And_Western_Europe
1004BRIDGE,0.214209435270418,-0.119316638575334,EMBARC,Stable,Northern_And_Western_Europe,EMBARC-Northern_And_Western_Europe
1005BRIDGE,0.225695670917996,-0.106349763702329,EMBARC,Stable,Northern_And_Western_Europe,EMBARC-Northern_And_Western_Europe
1006BRIDGE,-0.0491090481328104,-0.214169394673035,EMBARC,Stable,Northern_And_Western_Europe,EMBARC-Northern_And_Western_Europe
1007BRIDGE,0.307465718611088,-0.185107186101608,EMBARC,Stable,UK,EMBARC-UK
1009BRIDGE,0.289360934316288,-0.179668790329714,EMBARC,Stable,UK,EMBARC-UK
1010BRIDGE,-0.021609333410867,0.663076521384097,EMBARC,Stable,UK,EMBARC-UK
1011BRIDGE,0.28078300248162,-0.164108161428995,EMBARC,Stable,UK,EMBARC-UK
1012BRIDGE,0.207505915680643,-0.18219146000264,EMBARC,Stable,Northern_And_Western_Europe,EMBARC-Northern_And_Western_Europe
1013BRIDGE,0.14664205207717,-0.186889110933029,EMBARC,Stable,Northern_And_Western_Europe,EMBARC-Northern_And_Western_Europe
1014BRIDGE,0.0595526093108976,-0.19862333317929,EMBARC,Stable,Northern_And_Western_Europe,EMBARC-Northern_And_Western_Europe
1015BRIDGE,0.274635595743714,-0.169631362709222,EMBARC,Stable,Northern_And_Western_Europe,EMBARC-Northern_And_Western_Europe
1016BRIDGE,0.0798876141861637,-0.195003776947775,EMBARC,Stable,Northern_And_Western_Europe,EMBARC-Northern_And_Western_Europe
1018BRIDGE,0.248330472854149,-0.159409061486187,EMBARC,Stable,Northern_And_Western_Europe,EMBARC-Northern_And_Western_Europe
1020BRIDGE,0.0781338218617899,0.548223115799264,EMBARC,Stable,Northern_And_Western_Europe,EMBARC-Northern_And_Western_Europe
1023BRIDGE,0.0460833418228763,0.359252005806713,EMBARC,Stable,Northern_And_Western_Europe,EMBARC-Northern_And_Western_Europe
1024BRIDGE,-0.527733662889739,-0.11086959307026,EMBARC,Stable,Northern_And_Western_Europe,EMBARC-Northern_And_Western_Europe
1026BRIDGE,0.277010692121524,-0.150272625391777,EMBARC,Stable,Northern_And_Western_Europe,EMBARC-Northern_And_Western_Europe
1030BRIDGE,0.29044508245694,-0.1770032473231,EMBARC,Stable,UK,EMBARC-UK
1031BRIDGE,0.19840309671205,0.30289800931008,EMBARC,Stable,UK,EMBARC-UK
1033BRIDGE,0.104748506577824,-0.0244036203146327,EMBARC,Stable,UK,EMBARC-UK
1034BRIDGE,0.224809745660108,-0.155710098663414,EMBARC,Stable,UK,EMBARC-UK
1035BRIDGE,0.263368419215959,-0.152354844595828,EMBARC,Stable,UK,EMBARC-UK
1036BRIDGE,0.291241935864181,-0.159326558054895,EMBARC,Stable,UK,EMBARC-UK
1037BRIDGE,-0.0704252538799509,0.238720483469391,EMBARC,Stable,UK,EMBARC-UK
1038BRIDGE,0.0312182747811602,-0.0192827795357777,EMBARC,Stable,UK,EMBARC-UK
1039BRIDGE,-0.0143045492905788,0.644838584518383,EMBARC,Stable,UK,EMBARC-UK
1040BRIDGE,-0.0368893352057033,0.0697398843215376,EMBARC,Stable,UK,EMBARC-UK
1041BRIDGE,-0.0272340501978428,0.589119561435951,EMBARC,Stable,UK,EMBARC-UK
1042BRIDGE,0.196968470155604,-0.0838249596758701,EMBARC,Stable,UK,EMBARC-UK
1043BRIDGE,-0.112441557069159,-0.0149477066491356,EMBARC,Stable,UK,EMBARC-UK
1044BRIDGE,0.245909902398363,-0.137560081569438,EMBARC,Stable,UK,EMBARC-UK
1045BRIDGE,-0.0417011874555106,0.0679132240637153,EMBARC,Stable,UK,EMBARC-UK
1046BRIDGE,0.189312201703926,-0.0832807296282719,EMBARC,Stable,UK,EMBARC-UK
1047BRIDGE,0.218183640392553,-0.11432900643546,EMBARC,Stable,UK,EMBARC-UK
1048BRIDGE,0.19482177510938,0.259493423695618,EMBARC,Stable,UK,EMBARC-UK
1049BRIDGE,0.268764905401559,-0.148303607915418,EMBARC,Stable,UK,EMBARC-UK
1050BRIDGE,0.268413534326857,-0.162438725010588,EMBARC,Stable,UK,EMBARC-UK
1051BRIDGE,0.0483864722700863,0.575121304878318,EMBARC,Stable,UK,EMBARC-UK
1052BRIDGE,0.212049941246781,0.140750373570658,EMBARC,Stable,UK,EMBARC-UK
1053BRIDGE,-0.0239178547264831,0.0558797219690249,EMBARC,Stable,UK,EMBARC-UK
1054BRIDGE,0.261893054808028,-0.158143148307685,EMBARC,Stable,UK,EMBARC-UK
1055BRIDGE,-0.639288241922287,-0.0983626326879214,EMBARC,Stable,UK,EMBARC-UK
1057PBRIDGE,-0.2368457476222,0.0238638926352453,EMBARC,Stable,Southern_Europe,EMBARC-Southern_Europe
1058PBRIDGE,-0.0428740164100983,0.690397647672272,EMBARC,Stable,Southern_Europe,EMBARC-Southern_Europe
1059PBRIDGE,0.252643951205885,-0.155740232952622,EMBARC,Stable,Southern_Europe,EMBARC-Southern_Europe
1060PBRIDGE,0.230869297569399,-0.15098552736173,EMBARC,Stable,Southern_Europe,EMBARC-Southern_Europe
1061PBRIDGE,-0.596658558029318,-0.109069568523419,EMBARC,Stable,Southern_Europe,EMBARC-Southern_Europe
1062PBRIDGE,0.269215851383108,-0.16398439860148,EMBARC,Stable,Southern_Europe,EMBARC-Southern_Europe
1063PBRIDGE,-0.162280894229877,-0.208578184126734,EMBARC,Stable,Southern_Europe,EMBARC-Southern_Europe
1065PBRIDGE,-0.622738183496433,-0.102882611783502,EMBARC,Stable,Southern_Europe,EMBARC-Southern_Europe
1066PBRIDGE,-0.572439993742673,-0.115967047296522,EMBARC,Stable,Southern_Europe,EMBARC-Southern_Europe
1067PBRIDGE,-0.0883250948097273,0.0967216048275361,EMBARC,Stable,Southern_Europe,EMBARC-Southern_Europe
1068PBRIDGE,-0.00350980832921475,0.589956022065529,EMBARC,Stable,Southern_Europe,EMBARC-Southern_Europe
1069PBRIDGE,0.22558486404249,-0.119494611460991,EMBARC,Stable,Southern_Europe,EMBARC-Southern_Europe
1070PBRIDGE,0.223415679262908,-0.119871395487082,EMBARC,Stable,Southern_Europe,EMBARC-Southern_Europe
1071PBRIDGE,-0.620555088827603,-0.104790919885246,EMBARC,Stable,Southern_Europe,EMBARC-Southern_Europe
1072PBRIDGE,-0.619386273831346,-0.0855767729801905,EMBARC,Stable,Southern_Europe,EMBARC-Southern_Europe
1073PBRIDGE,0.300833569122026,-0.185270729801166,EMBARC,Stable,Southern_Europe,EMBARC-Southern_Europe
1074PBRIDGE,-0.572560749000882,-0.124647478548904,EMBARC,Stable,Southern_Europe,EMBARC-Southern_Europe
1075PBRIDGE,-0.534699503751548,-0.136139897891547,EMBARC,Stable,Southern_Europe,EMBARC-Southern_Europe
1076PBRIDGE,0.218079327564454,-0.0274119059559524,EMBARC,Stable,Southern_Europe,EMBARC-Southern_Europe
1077PBRIDGE,-0.0369076646957475,0.679875746194062,EMBARC,Stable,Southern_Europe,EMBARC-Southern_Europe
1078PBRIDGE,0.254280297978911,-0.152819982016804,EMBARC,Stable,Southern_Europe,EMBARC-Southern_Europe
1079PBRIDGE,-0.0827240367781881,0.120805116225575,EMBARC,Stable,Southern_Europe,EMBARC-Southern_Europe
1080PBRIDGE,-0.0797580772405605,0.0937547294575532,EMBARC,Stable,Southern_Europe,EMBARC-Southern_Europe
1081PBRIDGE,-0.586149877754077,-0.102777334234878,EMBARC,Stable,Southern_Europe,EMBARC-Southern_Europe
1082PBRIDGE,0.248751589655375,-0.159002559358104,EMBARC,Stable,Southern_Europe,EMBARC-Southern_Europe
1083PBRIDGE,0.283172329845949,-0.163290278376726,EMBARC,Stable,Southern_Europe,EMBARC-Southern_Europe
1084PBRIDGE,0.281077849410971,-0.174435862851478,EMBARC,Stable,Southern_Europe,EMBARC-Southern_Europe
1085PBRIDGE,0.260492908891242,-0.153804603421703,EMBARC,Stable,Southern_Europe,EMBARC-Southern_Europe
1086PBRIDGE,-0.60237875937449,-0.10883802414357,EMBARC,Stable,Southern_Europe,EMBARC-Southern_Europe
1087PBRIDGE,0.0475076990746298,0.575667738182724,EMBARC,Stable,Southern_Europe,EMBARC-Southern_Europe
1088PBRIDGE,0.270158826579337,-0.157626459426005,EMBARC,Stable,Southern_Europe,EMBARC-Southern_Europe
1089PBRIDGE,-0.0136749863209916,0.0477767666628735,EMBARC,Stable,Southern_Europe,EMBARC-Southern_Europe
1090PBRIDGE,0.244214871532299,-0.153408106699334,EMBARC,Stable,Southern_Europe,EMBARC-Southern_Europe
1091PBRIDGE,0.239226643295206,-0.152589951506647,EMBARC,Stable,Southern_Europe,EMBARC-Southern_Europe
1092PBRIDGE,-0.0891721406966659,-0.0651913819196287,EMBARC,Stable,Southern_Europe,EMBARC-Southern_Europe
1093PBRIDGE,0.225963395912614,-0.125873623289562,EMBARC,Stable,Southern_Europe,EMBARC-Southern_Europe
1094PBRIDGE,0.234797072312991,-0.141453010945232,EMBARC,Stable,Southern_Europe,EMBARC-Southern_Europe
1095PBRIDGE,0.173123536800755,-0.102356195351488,EMBARC,Stable,Southern_Europe,EMBARC-Southern_Europe
1096PBRIDGE,0.231621869892395,-0.14366080530311,EMBARC,Stable,Southern_Europe,EMBARC-Southern_Europe
1097PBRIDGE,0.271354273323131,-0.162717660315197,EMBARC,Stable,Southern_Europe,EMBARC-Southern_Europe
1098PBRIDGE,-0.16827857007867,-0.110685856850905,EMBARC,Stable,Southern_Europe,EMBARC-Southern_Europe
1099PBRIDGE,-0.0947542137744266,0.0955642981024055,EMBARC,Stable,Southern_Europe,EMBARC-Southern_Europe
1100PBRIDGE,0.269960277964399,-0.158793095776646,EMBARC,Stable,Southern_Europe,EMBARC-Southern_Europe
1101PBRIDGE,0.149987097517656,-0.0839293011945186,EMBARC,Stable,Southern_Europe,EMBARC-Southern_Europe
1102PBRIDGE,0.10229250329035,-0.00396192380835702,EMBARC,Stable,Southern_Europe,EMBARC-Southern_Europe
1103PBRIDGE,-0.638268850917294,-0.0965802382892542,EMBARC,Stable,Southern_Europe,EMBARC-Southern_Europe
1104PBRIDGE,-0.0185390505940001,0.652563059605049,EMBARC,Stable,Southern_Europe,EMBARC-Southern_Europe
1105PBRIDGE,0.137111247515321,-0.192693892845225,EMBARC,Stable,Southern_Europe,EMBARC-Southern_Europe
1106PBRIDGE,0.22603522567256,-0.127788534274108,EMBARC,Stable,Southern_Europe,EMBARC-Southern_Europe
1107PBRIDGE,0.258905257526872,-0.156982764571627,EMBARC,Stable,Southern_Europe,EMBARC-Southern_Europe
1108PBRIDGE,0.215506861835489,-0.124057146769664,EMBARC,Stable,Southern_Europe,EMBARC-Southern_Europe
1109PBRIDGE,-0.617240013651468,-0.102547246648044,EMBARC,Stable,Southern_Europe,EMBARC-Southern_Europe
110VZSZ,0.0471507281369808,-0.000603927664595562,China,Stable,,China-
1110PBRIDGE,-0.316563727497837,-0.187785867310685,EMBARC,Stable,Southern_Europe,EMBARC-Southern_Europe
1111PBRIDGE,0.123942767411592,0.375275337009878,EMBARC,Stable,Southern_Europe,EMBARC-Southern_Europe
1112PBRIDGE,0.261751806167512,-0.172520238076144,EMBARC,Stable,Southern_Europe,EMBARC-Southern_Europe
1113PBRIDGE,-0.620014907366456,-0.100658771602245,EMBARC,Stable,Southern_Europe,EMBARC-Southern_Europe
1114PBRIDGE,-0.61538192895078,-0.104522171891973,EMBARC,Stable,Southern_Europe,EMBARC-Southern_Europe
1115PBRIDGE,-0.00116587228034434,0.65029886351579,EMBARC,Stable,Southern_Europe,EMBARC-Southern_Europe
1116PBRIDGE,0.0420601399930637,0.00445233222217413,EMBARC,Stable,Southern_Europe,EMBARC-Southern_Europe
1117PBRIDGE,-0.602502827695832,-0.107968469574541,EMBARC,Stable,Southern_Europe,EMBARC-Southern_Europe
1118PBRIDGE,-0.0369100698679571,0.68510755516291,EMBARC,Stable,Southern_Europe,EMBARC-Southern_Europe
1119PBRIDGE,0.236759257969605,-0.128798475403531,EMBARC,Stable,Southern_Europe,EMBARC-Southern_Europe
1121PBRIDGE,0.253490346976377,0.0383384019524185,EMBARC,Stable,Southern_Europe,EMBARC-Southern_Europe
1122PBRIDGE,-0.0497478842812506,0.70397309251237,EMBARC,Stable,Southern_Europe,EMBARC-Southern_Europe
1123PBRIDGE,0.114404237705203,0.509266681414715,EMBARC,Stable,Southern_Europe,EMBARC-Southern_Europe
1124PBRIDGE,0.079498309739354,-0.0394179919727075,EMBARC,Stable,Southern_Europe,EMBARC-Southern_Europe
1125PBRIDGE,-0.0966816506257779,0.0978803273642943,EMBARC,Stable,Southern_Europe,EMBARC-Southern_Europe
1126PBRIDGE,0.258535933529286,-0.133183161580475,EMBARC,Stable,Southern_Europe,EMBARC-Southern_Europe
1127PBRIDGE,-0.656452622841705,-0.0943605133345262,EMBARC,Stable,Southern_Europe,EMBARC-Southern_Europe
1128PBRIDGE,0.235392754791469,-0.136008345620314,EMBARC,Stable,Southern_Europe,EMBARC-Southern_Europe
1129PBRIDGE,-0.606742748640163,-0.109414530728567,EMBARC,Stable,Southern_Europe,EMBARC-Southern_Europe
1130PBRIDGE,0.0659070052495302,0.508752851876051,EMBARC,Stable,Southern_Europe,EMBARC-Southern_Europe
1131PBRIDGE,-0.0899745247707021,-0.0486573325565991,EMBARC,Stable,Southern_Europe,EMBARC-Southern_Europe
1132PBRIDGE,0.232702326515467,-0.14385306898846,EMBARC,Stable,Southern_Europe,EMBARC-Southern_Europe
1133PBRIDGE,0.162454639290817,0.115907366393528,EMBARC,Stable,Southern_Europe,EMBARC-Southern_Europe
1134PBRIDGE,0.235551593175477,-0.10485890622083,EMBARC,Stable,Southern_Europe,EMBARC-Southern_Europe
1135PBRIDGE,-0.381443428459137,-0.192616572695072,EMBARC,Stable,Southern_Europe,EMBARC-Southern_Europe
1136PBRIDGE,0.237573426013838,0.158683506796151,EMBARC,Stable,Southern_Europe,EMBARC-Southern_Europe
1137PBRIDGE,0.215540142061215,-0.139858103719288,EMBARC,Stable,Southern_Europe,EMBARC-Southern_Europe
1138PBRIDGE,0.203566048499083,-0.11641397335215,EMBARC,Stable,Southern_Europe,EMBARC-Southern_Europe
1139PBRIDGE,0.139617437223139,0.446433773840396,EMBARC,Stable,Southern_Europe,EMBARC-Southern_Europe
1140PBRIDGE,0.224169620938601,-0.110140830015509,EMBARC,Stable,Southern_Europe,EMBARC-Southern_Europe
1141PBRIDGE,-0.0511923789767669,0.0718436256634753,EMBARC,Stable,Southern_Europe,EMBARC-Southern_Europe
1142PBRIDGE,0.205237000563368,-0.0669506840898111,EMBARC,Stable,Southern_Europe,EMBARC-Southern_Europe
1143PBRIDGE,-0.640412667205436,-0.079194090663676,EMBARC,Stable,Southern_Europe,EMBARC-Southern_Europe
1144PBRIDGE,0.157310642315459,-0.0749162053355982,EMBARC,Stable,Southern_Europe,EMBARC-Southern_Europe
1145PBRIDGE,-0.354583986585396,-0.0964636172987232,EMBARC,Stable,Southern_Europe,EMBARC-Southern_Europe
1146PBRIDGE,0.111744998126529,0.493644108176156,EMBARC,Stable,Southern_Europe,EMBARC-Southern_Europe
1147PBRIDGE,-0.626366849629161,-0.102864738894828,EMBARC,Stable,Southern_Europe,EMBARC-Southern_Europe
1148PBRIDGE,-0.640885869371314,-0.0976672459630412,EMBARC,Stable,Southern_Europe,EMBARC-Southern_Europe
1149PBRIDGE,-0.583002938354741,-0.104769699383061,EMBARC,Stable,Southern_Europe,EMBARC-Southern_Europe
1150PBRIDGE,0.160546669411137,-0.174633203987955,EMBARC,Stable,Southern_Europe,EMBARC-Southern_Europe
1151PBRIDGE,-0.0277095131813769,0.674445981815325,EMBARC,Stable,Southern_Europe,EMBARC-Southern_Europe
1152PBRIDGE,-0.562074323868121,-0.124243854947704,EMBARC,Stable,Southern_Europe,EMBARC-Southern_Europe
1153PBRIDGE,0.299054107818322,-0.176466279634335,EMBARC,Stable,Southern_Europe,EMBARC-Southern_Europe
1154PBRIDGE,0.248599354352123,-0.133431858044892,EMBARC,Stable,Southern_Europe,EMBARC-Southern_Europe
1155PBRIDGE,-0.345757516403482,-0.212256668716472,EMBARC,Stable,Southern_Europe,EMBARC-Southern_Europe
1156PBRIDGE,-0.660022836794099,-0.0953025967788154,EMBARC,Stable,Southern_Europe,EMBARC-Southern_Europe
1157PBRIDGE,0.134051996245245,-0.0496584361748197,EMBARC,Stable,Southern_Europe,EMBARC-Southern_Europe
1158PBRIDGE,-0.4175215621062,-0.18013821097623,EMBARC,Stable,Southern_Europe,EMBARC-Southern_Europe
1159PBRIDGE,0.26451985454431,-0.15360599971178,EMBARC,Stable,Southern_Europe,EMBARC-Southern_Europe
1160PBRIDGE,0.269421060041154,-0.190419256766333,EMBARC,Stable,Southern_Europe,EMBARC-Southern_Europe
1161PBRIDGE,0.101030219930026,0.476736378642187,EMBARC,Stable,Southern_Europe,EMBARC-Southern_Europe
1162PBRIDGE,0.240887357615495,-0.139124962095992,EMBARC,Stable,Southern_Europe,EMBARC-Southern_Europe
1163PBRIDGE,-0.43529685954442,-0.182927185264415,EMBARC,Stable,Southern_Europe,EMBARC-Southern_Europe
1164PBRIDGE,0.307515237804167,-0.187931515670166,EMBARC,Stable,Southern_Europe,EMBARC-Southern_Europe
1165PBRIDGE,0.240018610128304,-0.128793159764582,EMBARC,Stable,Southern_Europe,EMBARC-Southern_Europe
1166PBRIDGE,0.235216185669651,-0.123472302170059,EMBARC,Stable,Southern_Europe,EMBARC-Southern_Europe
1167PBRIDGE,0.213608438408122,-0.100377126792015,EMBARC,Stable,Southern_Europe,EMBARC-Southern_Europe
1168PBRIDGE,0.212162193634696,-0.116762557596531,EMBARC,Stable,Southern_Europe,EMBARC-Southern_Europe
1169PBRIDGE,-0.0291696951995986,0.0444712570998979,EMBARC,Stable,Southern_Europe,EMBARC-Southern_Europe
1170PBRIDGE,-0.195475198899289,-0.219309739014326,EMBARC,Stable,Southern_Europe,EMBARC-Southern_Europe
1171PBRIDGE,0.231839519239949,-0.137611462782986,EMBARC,Stable,Southern_Europe,EMBARC-Southern_Europe
1172PBRIDGE,-0.613179091786487,-0.107096166656574,EMBARC,Stable,Southern_Europe,EMBARC-Southern_Europe
1173PBRIDGE,-0.625529396518608,-0.100887789597329,EMBARC,Stable,Southern_Europe,EMBARC-Southern_Europe
1174PBRIDGE,-0.430298049458443,-0.169303373959073,EMBARC,Stable,Southern_Europe,EMBARC-Southern_Europe
1175PBRIDGE,-0.619998250735745,-0.102240587298644,EMBARC,Stable,Southern_Europe,EMBARC-Southern_Europe
1176PBRIDGE,0.102420320347312,-0.0280214087098565,EMBARC,Stable,Southern_Europe,EMBARC-Southern_Europe
1177PBRIDGE,-0.657316200988703,-0.0948708281661752,EMBARC,Stable,Southern_Europe,EMBARC-Southern_Europe
1178PBRIDGE,0.249772749677424,0.070547481844953,EMBARC,Stable,Southern_Europe,EMBARC-Southern_Europe
1179PBRIDGE,-0.025369899152544,0.202320653026393,EMBARC,Stable,Southern_Europe,EMBARC-Southern_Europe
1180PBRIDGE,0.217369144629739,-0.123974397334742,EMBARC,Stable,Southern_Europe,EMBARC-Southern_Europe
1181PBRIDGE,-0.591928164416914,-0.0865138712847138,EMBARC,Stable,Southern_Europe,EMBARC-Southern_Europe
1182PBRIDGE,-0.625471765944479,-0.0998102866092686,EMBARC,Stable,Southern_Europe,EMBARC-Southern_Europe
1183PBRIDGE,-0.628394420623043,-0.0996879854324755,EMBARC,Stable,Southern_Europe,EMBARC-Southern_Europe
1184PBRIDGE,-0.0423074492485553,0.0838445690043818,EMBARC,Stable,Southern_Europe,EMBARC-Southern_Europe
1185PBRIDGE,-0.644033013846191,-0.0971816254670061,EMBARC,Stable,Southern_Europe,EMBARC-Southern_Europe
1186PBRIDGE,-0.643765327991139,-0.100912997772467,EMBARC,Stable,Southern_Europe,EMBARC-Southern_Europe
1187PBRIDGE,0.25786943883946,-0.158142375927074,EMBARC,Stable,Southern_Europe,EMBARC-Southern_Europe
1188PBRIDGE,0.0260162834370378,0.352508870479255,EMBARC,Stable,Southern_Europe,EMBARC-Southern_Europe
1189PBRIDGE,-0.352844954550073,-0.172431355630794,EMBARC,Stable,Southern_Europe,EMBARC-Southern_Europe
1190PBRIDGE,0.237215502554148,-0.152023359500044,EMBARC,Stable,Southern_Europe,EMBARC-Southern_Europe
1191PBRIDGE,0.172497748693246,-0.0821279921477874,EMBARC,Stable,Southern_Europe,EMBARC-Southern_Europe
1193PBRIDGE,0.00065708305268347,-0.201527280727969,EMBARC,Stable,Southern_Europe,EMBARC-Southern_Europe
1194PBRIDGE,-0.652544563585674,-0.0958607185468272,EMBARC,Stable,Southern_Europe,EMBARC-Southern_Europe
1195PBRIDGE,-0.624678791404182,-0.100713491238829,EMBARC,Stable,Southern_Europe,EMBARC-Southern_Europe
1196PBRIDGE,-0.0457967422292968,-0.122852303116369,EMBARC,Stable,Southern_Europe,EMBARC-Southern_Europe
1197PBRIDGE,-0.282842793729143,-0.199995973535015,EMBARC,Stable,Southern_Europe,EMBARC-Southern_Europe
1198PBRIDGE,-0.0738405573322397,0.0867844728154719,EMBARC,Stable,Southern_Europe,EMBARC-Southern_Europe
1199PBRIDGE,0.134480266609951,0.119375777603931,EMBARC,Stable,Southern_Europe,EMBARC-Southern_Europe
136VZXQ,-0.583389579052306,-0.117361918252701,China,Stable,,China-
139VLTW,0.0806823590760988,-0.0301749094232648,China,Stable,,China-
149VYYD,0.0990960038724024,-0.0489700000538898,China,Stable,,China-
153VWG,-0.153913804415603,-0.0680998057502023,China,Stable,,China-
155VCHJ,-0.630330343513019,-0.0987647624681232,China,Stable,,China-
173VHJW,-0.570246792696518,-0.121556740857179,China,Stable,,China-
174VLBQ,-0.488605299009648,0.436163439801511,China,Stable,,China-
178VYDM,-0.037874724621724,0.0606704052454236,China,Stable,,China-
180VHMQ,-0.239333350313533,-0.140228655014842,China,Stable,,China-
188VZJH,-0.342681068053385,0.551470945540854,China,Stable,,China-
189VXZJ,-0.0375807312503826,0.0616944687665293,China,Stable,,China-
190VFYK,0.0873020900771205,-0.0901572351442383,China,Stable,,China-
193VZXL,0.170899726838929,-0.106168609202935,China,Stable,,China-
195VXXY,-0.0277613242291929,0.655350950612267,China,Stable,,China-
199VOZQ,-0.591501505208704,-0.111868218469378,China,Stable,,China-
206VZFD,-0.578635361428372,-0.11172145429302,China,Stable,,China-
211VLT,-0.145863624006738,-0.157145339085235,China,Stable,,China-
214VGWJ,-0.261031051578521,0.505952459200636,China,Stable,,China-
215VTKH,-0.623836108502092,-0.100802572649799,China,Stable,,China-
220VDXP,-0.0401161989245715,0.679650848538006,China,Stable,,China-
227VZMH,0.0855636773452457,-0.0486951416040186,China,Stable,,China-
230VLSH,0.1426213396867,-0.0718540020697741,China,Stable,,China-
235VDBJ,-0.00488938304803956,-0.150280874394333,China,Stable,,China-
243VHZH,-0.0576492722636242,0.64264512356743,China,Stable,,China-
250VSJJ,-0.617886516219415,-0.101570795152626,China,Stable,,China-
253VXXJ,-0.601205901216791,-0.101459678781806,China,Stable,,China-
254VLXR,-0.0314995972056655,0.144210750588382,China,Stable,,China-
275VLSX,-0.0298188613318368,0.623656214118903,China,Stable,,China-
287VDJQ,0.00900333733643217,0.147607124673694,China,Stable,,China-
309VHJD,0.00510051983173027,-0.0701170757885709,China,Stable,,China-
314VLLY,-0.284004190286682,-0.181726141573854,China,Stable,,China-
316VYJH,0.18698376587271,0.0715851637031826,China,Stable,,China-
317VYL,0.112574552657936,-0.0493983881308193,China,Stable,,China-
319VLY,-0.563369579040492,0.162124577005747,China,Stable,,China-
322VCHL,-0.648526881372716,-0.0951571790604068,China,Stable,,China-
325VLRY,-0.615083800226125,-0.071235398746056,China,Stable,,China-
331VLDY,-0.60304505341648,-0.0869812501258307,China,Stable,,China-
338VHJY,-0.497879227952359,-0.102115528938709,China,Stable,,China-
342VCSL,-0.259905005864855,-0.169248457241016,China,Stable,,China-
347VPZL,-0.62985066263697,-0.0970003644815074,China,Stable,,China-
348VYQM,-0.659326798118958,-0.095334943792523,China,Stable,,China-
349VZNL,-0.641744318158302,-0.100305988872169,China,Stable,,China-
350VLYY,-0.00839009065846325,0.578183088453764,China,Stable,,China-
351VZDY,-0.638369601072661,-0.0981680317043536,China,Stable,,China-
353VGSZ,-0.64995599447207,-0.0948347980366828,China,Stable,,China-
354VPYM,-0.230989458699036,0.580612803869295,China,Stable,,China-
357VLTS,-0.620584074759043,-0.102618918405327,China,Stable,,China-
358VWXC,-0.108402207068246,0.020777401730496,China,Stable,,China-
359VYSH,-0.535700997097263,-0.134365855492391,China,Stable,,China-
361VTLX,-0.342289676755302,-0.0815997090300385,China,Stable,,China-
362VLBJ,0.0437327692620629,0.558715836554548,China,Stable,,China-
363VLH,-0.0222223265771693,0.44480760379443,China,Stable,,China-
364VCZ,0.0423699373744609,-0.0104551925597367,China,Stable,,China-
366VZMY,-0.638812326382743,-0.0922935729327526,China,Stable,,China-
367VWSY,-0.659675402860137,-0.0960369585090644,China,Stable,,China-
370VLZW,-0.00856862670678389,0.0309441130913803,China,Stable,,China-
371VTYJ,-0.465890953249419,-0.152165596685715,China,Stable,,China-
372VJHK,-0.536944238845052,-0.127538668946409,China,Stable,,China-
373VHXR,-0.583382359074189,-0.115593789495783,China,Stable,,China-
376VYKZ,0.13986873356982,-0.0936293339719075,China,Stable,,China-
377VHWH,0.0884066596447683,-0.0499336341888062,China,Stable,,China-
379VLJJ,-0.505655229868942,-0.149218517576671,China,Stable,,China-
384VCZL,-0.601424163705108,-0.112527900424252,China,Stable,,China-
388VDHL,-0.650613381715169,-0.0964706211324872,China,Stable,,China-
390VNFD,-0.645193353086637,-0.0994515931219806,China,Stable,,China-
392VWLL,-0.607775674670138,-0.112978431465506,China,Stable,,China-
393VZLH,-0.64790474060838,-0.0996206500646225,China,Stable,,China-
395VGSQ,-0.00843952834710466,0.037780486010254,China,Stable,,China-
461GREEK,-0.297416438351423,-0.027628714335575,EMBARC,Stable,Southern_Europe,EMBARC-Southern_Europe
462GREEK,0.110281491718885,-0.0559484577139149,EMBARC,Stable,Southern_Europe,EMBARC-Southern_Europe
463GREEK,0.150892538859971,-0.0738436254414189,EMBARC,Stable,Southern_Europe,EMBARC-Southern_Europe
464GREEK,0.131579326747581,-0.0427112347216277,EMBARC,Stable,Southern_Europe,EMBARC-Southern_Europe
465GREEK,-0.523208677104219,-0.133468050124496,EMBARC,Stable,Southern_Europe,EMBARC-Southern_Europe
466GREEK,0.0846521849337994,-0.0397296187036804,EMBARC,Stable,Southern_Europe,EMBARC-Southern_Europe
467GREEK,-0.642265790661837,-0.0978778684330805,EMBARC,Stable,Southern_Europe,EMBARC-Southern_Europe
468GREEK,-0.138563128644209,-0.166028901623018,EMBARC,Stable,Southern_Europe,EMBARC-Southern_Europe
469GREEK,0.142912842564313,-0.178663649089565,EMBARC,Stable,Southern_Europe,EMBARC-Southern_Europe
470GREEK,-0.606745637586894,-0.110173747608449,EMBARC,Stable,Southern_Europe,EMBARC-Southern_Europe
70GREEK,0.27395971920753,-0.168426120856884,EMBARC,Stable,Southern_Europe,EMBARC-Southern_Europe
71GREEK,0.275385311615209,-0.160263306097243,EMBARC,Stable,Southern_Europe,EMBARC-Southern_Europe
73GREEK,0.235966168814087,-0.14638769152364,EMBARC,Stable,Southern_Europe,EMBARC-Southern_Europe
74GREEK,0.193999993693552,-0.0947165481464982,EMBARC,Stable,Southern_Europe,EMBARC-Southern_Europe
75GREEK,-0.452350497442333,-0.169582872482959,EMBARC,Stable,Southern_Europe,EMBARC-Southern_Europe
76GREEK,0.276757736777287,-0.162966197381462,EMBARC,Stable,Southern_Europe,EMBARC-Southern_Europe
77GREEK,0.256993305536715,0.0308487324695798,EMBARC,Stable,Southern_Europe,EMBARC-Southern_Europe
78GREEK,0.0431026140546411,-0.221395511906392,EMBARC,Stable,Southern_Europe,EMBARC-Southern_Europe
79GREEK,-0.0529969089020032,0.0825866587472154,EMBARC,Stable,Southern_Europe,EMBARC-Southern_Europe
80GREEK,0.164592779934603,-0.163145005429909,EMBARC,Stable,Southern_Europe,EMBARC-Southern_Europe
81GREEK,0.211726665217808,-0.116748530053289,EMBARC,Stable,Southern_Europe,EMBARC-Southern_Europe
82GREEK,0.194080205065287,-0.194590388151217,EMBARC,Stable,Southern_Europe,EMBARC-Southern_Europe
83GREEK,0.278621811209168,-0.159953995906616,EMBARC,Stable,Southern_Europe,EMBARC-Southern_Europe
853BRIDGE,0.268899396339185,-0.173743733105412,EMBARC,Stable,UK,EMBARC-UK
854BRIDGE,0.162750093608449,-0.0570872914972282,EMBARC,Stable,UK,EMBARC-UK
855BRIDGE,0.278716576463362,-0.169484573351724,EMBARC,Stable,UK,EMBARC-UK
857BRIDGE,0.162199867012577,0.420367533810319,EMBARC,Stable,UK,EMBARC-UK
858BRIDGE,0.0575094564690225,0.573525408714785,EMBARC,Stable,UK,EMBARC-UK
859BRIDGE,0.274022825770062,-0.0404607592606406,EMBARC,Stable,UK,EMBARC-UK
85GREEK,0.282555484016416,-0.172917172987353,EMBARC,Stable,Southern_Europe,EMBARC-Southern_Europe
860BRIDGE,0.221463816190863,-0.103182000948937,EMBARC,Stable,UK,EMBARC-UK
861BRIDGE,0.283352217326099,-0.169327318756878,EMBARC,Stable,UK,EMBARC-UK
862BRIDGE,0.291628697175406,-0.176945429066573,EMBARC,Stable,UK,EMBARC-UK
863BRIDGE,0.305354734832288,-0.187638243846203,EMBARC,Stable,UK,EMBARC-UK
865BRIDGE,0.30244340275033,-0.169042986823541,EMBARC,Stable,UK,EMBARC-UK
866BRIDGE,0.296007731246541,-0.186813467112666,EMBARC,Stable,UK,EMBARC-UK
867BRIDGE,0.261218639687789,-0.147881971043614,EMBARC,Stable,UK,EMBARC-UK
868BRIDGE,0.0038389821704886,0.629912995504309,EMBARC,Stable,UK,EMBARC-UK
869BRIDGE,0.0849487290176084,0.0130276357862619,EMBARC,Stable,UK,EMBARC-UK
86GREEK,0.168447726838217,-0.0652732952406861,EMBARC,Stable,Southern_Europe,EMBARC-Southern_Europe
870BRIDGE,0.284794495569566,-0.163007797130164,EMBARC,Stable,UK,EMBARC-UK
871BRIDGE,0.252801821044426,-0.160369047520131,EMBARC,Stable,UK,EMBARC-UK
872BRIDGE,0.23737189767301,-0.0977790585636211,EMBARC,Stable,UK,EMBARC-UK
873BRIDGE,-0.354327442175434,-0.197919463605509,EMBARC,Stable,UK,EMBARC-UK
874BRIDGE,0.191208816145183,-0.0979177523593895,EMBARC,Stable,UK,EMBARC-UK
875BRIDGE,0.311169489253285,-0.182760362622697,EMBARC,Stable,UK,EMBARC-UK
877BRIDGE,0.311664298464127,-0.18332211676835,EMBARC,Stable,UK,EMBARC-UK
878BRIDGE,0.24616581109918,0.201241573238765,EMBARC,Stable,UK,EMBARC-UK
879BRIDGE,0.297355041715365,-0.181624641311744,EMBARC,Stable,UK,EMBARC-UK
87GREEK,0.264095861305007,-0.150587502091359,EMBARC,Stable,Southern_Europe,EMBARC-Southern_Europe
880BRIDGE,0.290474750739419,-0.188723654830098,EMBARC,Stable,UK,EMBARC-UK
881BRIDGE,0.0908019801246844,0.00905867878782701,EMBARC,Stable,UK,EMBARC-UK
883BRIDGE,0.188651023959887,-0.202175260113137,EMBARC,Stable,UK,EMBARC-UK
884BRIDGE,0.303022448193534,-0.174420208346684,EMBARC,Stable,UK,EMBARC-UK
886BRIDGE,0.273333142561523,-0.164502958027825,EMBARC,Stable,UK,EMBARC-UK
887BRIDGE,0.285657952457867,-0.178891914247077,EMBARC,Stable,UK,EMBARC-UK
88GREEK,0.30474579124086,-0.185541208922538,EMBARC,Stable,Southern_Europe,EMBARC-Southern_Europe
890BRIDGE,0.283031925266633,-0.164918716844684,EMBARC,Stable,UK,EMBARC-UK
891BRIDGE,0.281223099105475,-0.178258940285467,EMBARC,Stable,UK,EMBARC-UK
892BRIDGE,0.191327085166695,-0.109146772679357,EMBARC,Stable,UK,EMBARC-UK
893BRIDGE,0.295236993082387,-0.182716288884281,EMBARC,Stable,UK,EMBARC-UK
894BRIDGE,0.232098178969493,-0.124511714499012,EMBARC,Stable,UK,EMBARC-UK
895BRIDGE,0.218437590507578,-0.131796122179692,EMBARC,Stable,UK,EMBARC-UK
896BRIDGE,0.287923935383942,-0.163889760819195,EMBARC,Stable,UK,EMBARC-UK
897BRIDGE,0.147681091241149,-0.0661704187633061,EMBARC,Stable,Northern_And_Western_Europe,EMBARC-Northern_And_Western_Europe
898BRIDGE,0.156897011661723,-0.174198056558533,EMBARC,Stable,Northern_And_Western_Europe,EMBARC-Northern_And_Western_Europe
899BRIDGE,0.0646446793998473,-0.010537237740032,EMBARC,Stable,Northern_And_Western_Europe,EMBARC-Northern_And_Western_Europe
89GREEK,-0.641594235909781,-0.0965610943778532,EMBARC,Stable,Southern_Europe,EMBARC-Southern_Europe
901BRIDGE,0.184447712176598,-0.122199521762481,EMBARC,Stable,Northern_And_Western_Europe,EMBARC-Northern_And_Western_Europe
902BRIDGE,0.0299433897434423,0.0250162901796053,EMBARC,Stable,Northern_And_Western_Europe,EMBARC-Northern_And_Western_Europe
903BRIDGE,0.229857418338836,0.194780073013187,EMBARC,Stable,Northern_And_Western_Europe,EMBARC-Northern_And_Western_Europe
904BRIDGE,0.199889250990273,-0.0751784223339683,EMBARC,Stable,Northern_And_Western_Europe,EMBARC-Northern_And_Western_Europe
905BRIDGE,0.235452008740982,0.126340057354749,EMBARC,Stable,Northern_And_Western_Europe,EMBARC-Northern_And_Western_Europe
906BRIDGE,0.29383818465528,-0.178563974011547,EMBARC,Stable,Northern_And_Western_Europe,EMBARC-Northern_And_Western_Europe
907BRIDGE,-0.629316324550329,-0.0983343850000647,EMBARC,Stable,Northern_And_Western_Europe,EMBARC-Northern_And_Western_Europe
908BRIDGE,0.275069745978276,-0.160070571262403,EMBARC,Stable,Northern_And_Western_Europe,EMBARC-Northern_And_Western_Europe
90GREEK,-0.491567078981848,-0.15350416236774,EMBARC,Stable,Southern_Europe,EMBARC-Southern_Europe
911BRIDGE,-0.0488298170621408,0.703388174444547,EMBARC,Stable,UK,EMBARC-UK
913BRIDGE,0.040479618486198,0.00995322156144829,EMBARC,Stable,UK,EMBARC-UK
914BRIDGE,0.238035429440045,-0.145476668510835,EMBARC,Stable,UK,EMBARC-UK
915BRIDGE,0.250232253875281,-0.153590999832886,EMBARC,Stable,UK,EMBARC-UK
916BRIDGE,0.286687647764377,-0.17335816933836,EMBARC,Stable,UK,EMBARC-UK
917BRIDGE,0.132959923859609,0.435587291410175,EMBARC,Stable,UK,EMBARC-UK
918BRIDGE,-0.0864995596949571,0.0938504915125363,EMBARC,Stable,UK,EMBARC-UK
919BRIDGE,0.286341924317076,-0.176027763597593,EMBARC,Stable,UK,EMBARC-UK
91GREEK,-0.0227405949701743,0.670701140162817,EMBARC,Stable,Southern_Europe,EMBARC-Southern_Europe
920BRIDGE,0.261495346106804,-0.163311546970841,EMBARC,Stable,UK,EMBARC-UK
921BRIDGE,0.0542004895706641,0.573870380805308,EMBARC,Stable,UK,EMBARC-UK
922BRIDGE,0.214631644400708,-0.117163137968456,EMBARC,Stable,UK,EMBARC-UK
923BRIDGE,0.242054368843255,-0.151975040934793,EMBARC,Stable,UK,EMBARC-UK
925BRIDGE,0.019951517813283,0.600868686154632,EMBARC,Stable,UK,EMBARC-UK
926BRIDGE,-0.0803864869006634,0.0984049447169537,EMBARC,Stable,UK,EMBARC-UK
927BRIDGE,0.2662514658151,-0.162355083907647,EMBARC,Stable,UK,EMBARC-UK
928BRIDGE,0.254690182467585,-0.162830492772421,EMBARC,Stable,UK,EMBARC-UK
929BRIDGE,0.308510228917949,-0.187213999932397,EMBARC,Stable,UK,EMBARC-UK
92GREEK,0.165047979681292,-0.143316174337388,EMBARC,Stable,Southern_Europe,EMBARC-Southern_Europe
930BRIDGE,0.119735403595197,0.484722193210128,EMBARC,Stable,UK,EMBARC-UK
931BRIDGE,0.248913177287366,-0.147144803496466,EMBARC,Stable,UK,EMBARC-UK
932BRIDGE,-0.0440288523447067,-0.0468525866808526,EMBARC,Stable,UK,EMBARC-UK
933BRIDGE,0.0311228215109258,0.601796617157354,EMBARC,Stable,UK,EMBARC-UK
934BRIDGE,0.26831970779909,-0.143805997759174,EMBARC,Stable,UK,EMBARC-UK
935BRIDGE,0.170726609868369,0.393721190775641,EMBARC,Stable,UK,EMBARC-UK
937BRIDGE,0.158741960622548,-0.0855416677222901,EMBARC,Stable,UK,EMBARC-UK
938BRIDGE,0.275780815190043,-0.173412449326577,EMBARC,Stable,UK,EMBARC-UK
939BRIDGE,-0.363100437410754,-0.138422067354679,EMBARC,Stable,UK,EMBARC-UK
93GREEK,0.267020409403944,-0.167836160663946,EMBARC,Stable,Southern_Europe,EMBARC-Southern_Europe
940BRIDGE,0.201675481234742,-0.110574110726961,EMBARC,Stable,UK,EMBARC-UK
941BRIDGE,0.160155115109664,0.426158100232897,EMBARC,Stable,UK,EMBARC-UK
942BRIDGE,-0.1307375877685,-0.237457102538422,EMBARC,Stable,UK,EMBARC-UK
943BRIDGE,-0.0287397297451299,0.675523283337397,EMBARC,Stable,UK,EMBARC-UK
945BRIDGE,0.291091076575567,-0.0898148459937717,EMBARC,Stable,UK,EMBARC-UK
946BRIDGE,0.218105994646009,-0.108914163678425,EMBARC,Stable,UK,EMBARC-UK
947BRIDGE,0.0360442632802303,0.566239442029159,EMBARC,Stable,UK,EMBARC-UK
949BRIDGE,0.0194610734032834,0.615989775890865,EMBARC,Stable,UK,EMBARC-UK
94GREEK,0.242152383231157,-0.146794341311633,EMBARC,Stable,Southern_Europe,EMBARC-Southern_Europe
950BRIDGE,-0.658135794660382,-0.0949398639966975,EMBARC,Stable,UK,EMBARC-UK
951BRIDGE,0.169930994659641,-0.113281629833814,EMBARC,Stable,UK,EMBARC-UK
952BRIDGE,-0.628912378732036,-0.0996726798215316,EMBARC,Stable,UK,EMBARC-UK
953BRIDGE,0.265895935745955,-0.162734450813867,EMBARC,Stable,UK,EMBARC-UK
954BRIDGE,0.0803639313682563,0.5519108900798,EMBARC,Stable,UK,EMBARC-UK
955BRIDGE,0.27211866761022,-0.167731692225399,EMBARC,Stable,UK,EMBARC-UK
956BRIDGE,0.0998024771866172,0.519794927173782,EMBARC,Stable,UK,EMBARC-UK
957BRIDGE,0.224584419925781,-0.0979420970451354,EMBARC,Stable,UK,EMBARC-UK
958BRIDGE,0.21988842560992,0.217659263910935,EMBARC,Stable,UK,EMBARC-UK
959BRIDGE,0.195303210092877,0.199029180921203,EMBARC,Stable,UK,EMBARC-UK
95GREEK,-0.102688363135971,-0.229018933797355,EMBARC,Stable,Southern_Europe,EMBARC-Southern_Europe
960BRIDGE,-0.0480730518467609,0.70339761883044,EMBARC,Stable,UK,EMBARC-UK
961BRIDGE,0.291595710464951,-0.176647897699865,EMBARC,Stable,UK,EMBARC-UK
962BRIDGE,0.268388747421266,-0.166111438968028,EMBARC,Stable,UK,EMBARC-UK
963BRIDGE,0.192780079932858,-0.108375995500329,EMBARC,Stable,UK,EMBARC-UK
964BRIDGE,-0.0360817964235643,0.0644264349071765,EMBARC,Stable,UK,EMBARC-UK
965BRIDGE,-0.622665523865786,-0.108761064653004,EMBARC,Stable,UK,EMBARC-UK
966BRIDGE,0.286195518600292,-0.185064819248112,EMBARC,Stable,UK,EMBARC-UK
967BRIDGE,0.273784635964813,-0.164473741950225,EMBARC,Stable,UK,EMBARC-UK
968BRIDGE,0.202891473854848,-0.0527949484436289,EMBARC,Stable,UK,EMBARC-UK
969BRIDGE,0.241620130440748,-0.130333196781175,EMBARC,Stable,UK,EMBARC-UK
970BRIDGE,0.262340986878702,-0.158046757540357,EMBARC,Stable,UK,EMBARC-UK
971BRIDGE,0.123020457494806,-0.0494416321583497,EMBARC,Stable,UK,EMBARC-UK
972BRIDGE,0.247079258459789,-0.17676157117157,EMBARC,Stable,UK,EMBARC-UK
973BRIDGE,0.114346595945105,0.511774450774814,EMBARC,Stable,UK,EMBARC-UK
974BRIDGE,0.254179554747616,-0.163651509841931,EMBARC,Stable,UK,EMBARC-UK
975BRIDGE,-0.0478390307599257,0.700333284214244,EMBARC,Stable,UK,EMBARC-UK
976BRIDGE,0.243520625025995,0.175127053642058,EMBARC,Stable,UK,EMBARC-UK
977BRIDGE,-0.0437575235691144,0.692868936390382,EMBARC,Stable,UK,EMBARC-UK
978BRIDGE,0.15186868017249,-0.036792263869878,EMBARC,Stable,UK,EMBARC-UK
979BRIDGE,0.25413839909701,-0.157699153343329,EMBARC,Stable,UK,EMBARC-UK
980BRIDGE,0.290177338958271,-0.179934298101996,EMBARC,Stable,UK,EMBARC-UK
981BRIDGE,0.204563653970738,-0.115102074136762,EMBARC,Stable,UK,EMBARC-UK
982BRIDGE,0.152143554321632,-0.0855347748436076,EMBARC,Stable,UK,EMBARC-UK
986BRIDGE,-0.0417692323664114,0.687710871865328,EMBARC,Stable,UK,EMBARC-UK
987BRIDGE,0.269065287229961,-0.174217391815561,EMBARC,Stable,UK,EMBARC-UK
988BRIDGE,0.275338522927498,-0.176430741109981,EMBARC,Stable,UK,EMBARC-UK
989BRIDGE,0.258988928116733,-0.157845869051066,EMBARC,Stable,Northern_And_Western_Europe,EMBARC-Northern_And_Western_Europe
990BRIDGE,0.242334813766345,-0.158022989810957,EMBARC,Stable,Northern_And_Western_Europe,EMBARC-Northern_And_Western_Europe
991BRIDGE,-0.0478723856978303,0.699739718990181,EMBARC,Stable,Northern_And_Western_Europe,EMBARC-Northern_And_Western_Europe
992BRIDGE,-0.000822646344201501,0.643638572970569,EMBARC,Stable,Northern_And_Western_Europe,EMBARC-Northern_And_Western_Europe
993BRIDGE,0.172793619772609,-0.0682795361581652,EMBARC,Stable,Northern_And_Western_Europe,EMBARC-Northern_And_Western_Europe
994BRIDGE,-0.469396087680576,-0.164010189470423,EMBARC,Stable,Northern_And_Western_Europe,EMBARC-Northern_And_Western_Europe
995BRIDGE,0.173087955262778,-0.0590632156273515,EMBARC,Stable,Northern_And_Western_Europe,EMBARC-Northern_And_Western_Europe
996BRIDGE,0.182605942395069,-0.134476701298652,EMBARC,Stable,Northern_And_Western_Europe,EMBARC-Northern_And_Western_Europe
997BRIDGE,-0.643306025684936,-0.0965871708617856,EMBARC,Stable,Northern_And_Western_Europe,EMBARC-Northern_And_Western_Europe
998BRIDGE,-0.608384640246048,-0.107447319527527,EMBARC,Stable,Northern_And_Western_Europe,EMBARC-Northern_And_Western_Europe
999BRIDGE,0.239490366673494,-0.136048797641487,EMBARC,Stable,Northern_And_Western_Europe,EMBARC-Northern_And_Western_Europe
AL0002,0.0970423087412245,-0.0254916876493395,CAMEB2,Stable,Asia,CAMEB2-Asia
AL0003,0.0489555045784605,-0.0114342087744807,CAMEB2,Stable,Asia,CAMEB2-Asia
AL0004,0.00651606672312752,0.0184885350901351,CAMEB2,Stable,Asia,CAMEB2-Asia
CH0001,0.227838172756058,-0.130651257140846,CAMEB2,Stable,Asia,CAMEB2-Asia
CH0002,0.112179254307832,-0.0551666606843498,CAMEB2,Stable,Asia,CAMEB2-Asia
CH0006,0.177035769310765,-0.102962715075873,CAMEB2,Stable,Asia,CAMEB2-Asia
CH0012,-0.344187407792939,-0.100514162753263,CAMEB2,Stable,Asia,CAMEB2-Asia
CH0016,0.0300080767146424,0.0821989116211166,CAMEB2,Stable,Asia,CAMEB2-Asia
CH0018,-0.0183279693592261,0.0403067903841287,CAMEB2,Stable,Asia,CAMEB2-Asia
CH0019,0.0107464850971476,0.0157244143321458,CAMEB2,Stable,Asia,CAMEB2-Asia
CH0020,0.081838463089973,-0.0403625543697419,CAMEB2,Stable,Asia,CAMEB2-Asia
CH0022,0.154379390853627,-0.0584366759061013,CAMEB2,Stable,Asia,CAMEB2-Asia
CH0023,0.239229586257516,-0.158732335688901,CAMEB2,Stable,Asia,CAMEB2-Asia
CH0030,0.226793362688583,-0.115111352560959,CAMEB2,Stable,Asia,CAMEB2-Asia
CH0035,0.25046662535855,-0.141821058495786,CAMEB2,Stable,Asia,CAMEB2-Asia
CH0038,0.154688628502331,-0.0816637456551116,CAMEB2,Stable,Asia,CAMEB2-Asia
CH0039,0.136779446319162,-0.045936586650811,CAMEB2,Stable,Asia,CAMEB2-Asia
CH0050,0.171731570962328,0.100668748236693,CAMEB2,Stable,Asia,CAMEB2-Asia
CH0055,0.0967392435901324,-0.0267640058363799,CAMEB2,Stable,Asia,CAMEB2-Asia
DU0002,-0.0443075232702739,0.692811088707138,CAMEB2,Stable,UK,CAMEB2-UK
DU0004,0.252375787112395,-0.115602745666655,CAMEB2,Stable,UK,CAMEB2-UK
DU0005,0.252606063680132,-0.142986754356686,CAMEB2,Stable,UK,CAMEB2-UK
DU0007,0.153171626231226,-0.0581331488825822,CAMEB2,Stable,UK,CAMEB2-UK
DU0010,0.160371181910859,0.449942680331209,CAMEB2,Stable,UK,CAMEB2-UK
DU0012,-0.0701519962298704,0.047704241147342,CAMEB2,Stable,UK,CAMEB2-UK
DU0013,0.00287595107858,0.0209120220340994,CAMEB2,Stable,UK,CAMEB2-UK
DU0017,0.205940537273292,0.078660094242869,CAMEB2,Stable,UK,CAMEB2-UK
DU0019,0.118496307015449,0.406345360028381,CAMEB2,Stable,UK,CAMEB2-UK
DU0034,0.174172150576913,-0.154851749082225,CAMEB2,Stable,UK,CAMEB2-UK
DU0038,-0.0358503883543012,0.495199715896662,CAMEB2,Stable,UK,CAMEB2-UK
DU0047,-0.642657682208828,-0.0951600771603804,CAMEB2,Stable,UK,CAMEB2-UK
DU0058,0.221971637435714,-0.122756861330801,CAMEB2,Stable,UK,CAMEB2-UK
DU0059,0.217853614989659,0.137495112381289,CAMEB2,Stable,UK,CAMEB2-UK
DU0063,0.220427358414133,0.225633648044584,CAMEB2,Stable,UK,CAMEB2-UK
DU0064,0.10237927142832,0.236070804516941,CAMEB2,Stable,UK,CAMEB2-UK
DU0071,0.16079170764935,-0.078013243100403,CAMEB2,Stable,UK,CAMEB2-UK
DU0074,0.270741227186559,-0.128653073322597,CAMEB2,Stable,UK,CAMEB2-UK
DU0076,0.269980893117172,-0.143536677003703,CAMEB2,Stable,UK,CAMEB2-UK
DU0077,0.244599419493398,-0.144252873129649,CAMEB2,Stable,UK,CAMEB2-UK
DU0083,0.163904253187927,-0.08201519355162,CAMEB2,Stable,UK,CAMEB2-UK
DU0087,0.179828096060774,0.387356132916372,CAMEB2,Stable,UK,CAMEB2-UK
DU0089,0.21614297699103,-0.123432302196488,CAMEB2,Stable,UK,CAMEB2-UK
DU0099,0.144366626954151,0.456994806433584,CAMEB2,Stable,UK,CAMEB2-UK
IT103,-0.181265362878474,0.021062008778569,CAMEB2,Stable,UK,CAMEB2-UK
IT11,-0.0541998348429545,0.0648254159618322,CAMEB2,Stable,UK,CAMEB2-UK
IT148,-0.62922015586659,-0.0966458644561929,CAMEB2,Stable,UK,CAMEB2-UK
IT173,-0.626384708112839,-0.0990895042087518,CAMEB2,Stable,UK,CAMEB2-UK
IT197,-0.199209609688718,-0.142730452580496,CAMEB2,Stable,UK,CAMEB2-UK
IT202,0.137538655722645,0.440198944637067,CAMEB2,Stable,UK,CAMEB2-UK
IT222,-0.613443581604795,-0.105892830957377,CAMEB2,Stable,UK,CAMEB2-UK
IT226,0.0717023184789755,0.538555397460075,CAMEB2,Stable,UK,CAMEB2-UK
IT230,-0.0148715059312855,0.567454516688655,CAMEB2,Stable,UK,CAMEB2-UK
IT236,-0.469384991756516,-0.0578110970754638,CAMEB2,Stable,UK,CAMEB2-UK
IT254,0.23042274215432,-0.124811360398173,CAMEB2,Stable,UK,CAMEB2-UK
IT257,-0.616208975084213,-0.100062874906697,CAMEB2,Stable,UK,CAMEB2-UK
IT261,-0.652080594295289,-0.0936521486936993,CAMEB2,Stable,UK,CAMEB2-UK
IT271,0.140994893730611,-0.190254059003234,CAMEB2,Stable,UK,CAMEB2-UK
IT309,0.271734599556393,-0.0929750243966034,CAMEB2,Stable,UK,CAMEB2-UK
IT311,0.228966404912808,-0.119535287547443,CAMEB2,Stable,UK,CAMEB2-UK
IT315,-0.576494641780368,-0.11246759862212,CAMEB2,Stable,UK,CAMEB2-UK
IT323,0.178821657010852,-0.097520162795047,CAMEB2,Stable,UK,CAMEB2-UK
IT337,0.208945644668719,-0.136301976349691,CAMEB2,Stable,UK,CAMEB2-UK
IT338,-0.0790024952666742,0.0977661967175879,CAMEB2,Stable,UK,CAMEB2-UK
IT339,0.292642180339477,-0.17753060693776,CAMEB2,Stable,UK,CAMEB2-UK
IT361,0.257197393381702,-0.155280311442956,CAMEB2,Stable,UK,CAMEB2-UK
IT381,0.0109299178214439,-0.10229691477255,CAMEB2,Stable,UK,CAMEB2-UK
IT52,-0.586051418014991,-0.0913362287604686,CAMEB2,Stable,UK,CAMEB2-UK
IT85,-0.00380479201025871,0.635549399769358,CAMEB2,Stable,UK,CAMEB2-UK
KL0002,0.168685131662399,-0.100685448689054,CAMEB2,Stable,Asia,CAMEB2-Asia
KL0003,0.251627951684611,-0.13528825999145,CAMEB2,Stable,Asia,CAMEB2-Asia
KL0004,0.107623903896902,-0.151972103211099,CAMEB2,Stable,Asia,CAMEB2-Asia
KL0006,-0.437784261542843,-0.0370441791480856,CAMEB2,Stable,Asia,CAMEB2-Asia
KL0007,0.282536619339018,-0.160326566285406,CAMEB2,Stable,Asia,CAMEB2-Asia
KL0008,0.164680032023956,-0.0927891484187782,CAMEB2,Stable,Asia,CAMEB2-Asia
KL0009,-0.563257819493366,-0.118661492798755,CAMEB2,Stable,Asia,CAMEB2-Asia
KL0010,0.269910150541421,-0.168183888474133,CAMEB2,Stable,Asia,CAMEB2-Asia
KL0011,0.286280407343209,-0.152152370086888,CAMEB2,Stable,Asia,CAMEB2-Asia
KL0012,-0.240081870904922,0.0378952055647518,CAMEB2,Stable,Asia,CAMEB2-Asia
KL0013,-0.284544972182768,0.0216270262679896,CAMEB2,Stable,Asia,CAMEB2-Asia
KL0014,-0.0710424706139622,0.0770871052202503,CAMEB2,Stable,Asia,CAMEB2-Asia
KL0016,0.209879306518479,-0.113376974241879,CAMEB2,Stable,Asia,CAMEB2-Asia
KL0017,-0.455666512887935,-0.0532802960928618,CAMEB2,Stable,Asia,CAMEB2-Asia
KL0018,0.108895737896791,-0.0216707634975851,CAMEB2,Stable,Asia,CAMEB2-Asia
KL0019,-0.241147790490713,-0.220771320817917,CAMEB2,Stable,Asia,CAMEB2-Asia
KL0020,0.191905139326103,-0.112628433101393,CAMEB2,Stable,Asia,CAMEB2-Asia
KL0021,0.128544005432093,-0.0639073186482793,CAMEB2,Stable,Asia,CAMEB2-Asia
KL0022,-0.318947162877687,-0.188508223117162,CAMEB2,Stable,Asia,CAMEB2-Asia
KL0023,0.0483828303557979,-0.00795022982578362,CAMEB2,Stable,Asia,CAMEB2-Asia
KL0024,0.222596394032123,-0.142893978821258,CAMEB2,Stable,Asia,CAMEB2-Asia
KL0025,-0.210433157061044,-0.206530985107314,CAMEB2,Stable,Asia,CAMEB2-Asia
KL0026,0.189272897911596,-0.111060928418632,CAMEB2,Stable,Asia,CAMEB2-Asia
KL0027,-0.462484941051751,-0.140860330658939,CAMEB2,Stable,Asia,CAMEB2-Asia
KL0028,0.231852319062005,0.0646518518098819,CAMEB2,Stable,Asia,CAMEB2-Asia
KL0029,0.165335229148286,0.356681194225322,CAMEB2,Stable,Asia,CAMEB2-Asia
KL0031,0.0447921195912697,-0.154639169198981,CAMEB2,Stable,Asia,CAMEB2-Asia
KL0035,-0.0882117702774443,0.0908000278572544,CAMEB2,Stable,Asia,CAMEB2-Asia
KL0036,0.122423264415143,0.377459119323959,CAMEB2,Stable,Asia,CAMEB2-Asia
KL0037,-0.0138678633201631,-0.000544735787169768,CAMEB2,Stable,Asia,CAMEB2-Asia
KL0039,-0.038646796386957,0.0706244992069441,CAMEB2,Stable,Asia,CAMEB2-Asia
KL0040,0.0255318191905593,-0.0331165705586658,CAMEB2,Stable,Asia,CAMEB2-Asia
KL0041,-0.0503764043050282,0.0561505321937167,CAMEB2,Stable,Asia,CAMEB2-Asia
KL0042,0.089756870155634,-0.045900517170187,CAMEB2,Stable,Asia,CAMEB2-Asia
KL0043,0.0145401920504973,0.00503556995124305,CAMEB2,Stable,Asia,CAMEB2-Asia
SBE0003,0.227267922192883,-0.175754497073375,CAMEB2,Stable,Asia,CAMEB2-Asia
SBE0004,-0.557378323238312,-0.117780988455348,CAMEB2,Stable,Asia,CAMEB2-Asia
SBE0006,0.0294230855354294,-0.157582044382792,CAMEB2,Stable,Asia,CAMEB2-Asia
SBE0007,0.248943861363886,-0.166644179646115,CAMEB2,Stable,Asia,CAMEB2-Asia
SBE0008,0.00906223436464525,0.0424615930649489,CAMEB2,Stable,Asia,CAMEB2-Asia
SBE0009,0.233025610974142,-0.127177301661238,CAMEB2,Stable,Asia,CAMEB2-Asia
SBE0010,0.170575460003181,-0.0865035484654238,CAMEB2,Stable,Asia,CAMEB2-Asia
SBE0011,-0.0309756569551562,0.0742013487905088,CAMEB2,Stable,Asia,CAMEB2-Asia
SBE0012,-0.0400934729612458,0.682855923671787,CAMEB2,Stable,Asia,CAMEB2-Asia
SBE0015,0.17971418912079,0.384950876714354,CAMEB2,Stable,Asia,CAMEB2-Asia
SBE0018,0.161628932846502,-0.0546658273056437,CAMEB2,Stable,Asia,CAMEB2-Asia
SG0001,0.238607420649546,-0.135086479904061,CAMEB2,Stable,Asia,CAMEB2-Asia
SG0002,0.191964517810783,0.174620146142739,CAMEB2,Stable,Asia,CAMEB2-Asia
SG0003,0.161814281702527,-0.0898518590796823,CAMEB2,Stable,Asia,CAMEB2-Asia
SG0006,-0.0238780138581111,0.427924509261874,CAMEB2,Stable,Asia,CAMEB2-Asia
SG0012,0.230434660214311,-0.131735820285898,CAMEB2,Stable,Asia,CAMEB2-Asia
SG0024,0.239455483914284,-0.121324675071651,CAMEB2,Stable,Asia,CAMEB2-Asia
SG0025,-0.0775161890122345,0.100379185374311,CAMEB2,Stable,Asia,CAMEB2-Asia
SG0028,0.244549988795145,-0.129963877341797,CAMEB2,Stable,Asia,CAMEB2-Asia
SG0031,-0.647868226766769,-0.094711892361655,CAMEB2,Stable,Asia,CAMEB2-Asia
TBE0001,-0.617366609047171,-0.101521938595931,CAMEB2,Stable,Asia,CAMEB2-Asia
TBE0002,0.225401607912898,-0.0457369141934273,CAMEB2,Stable,Asia,CAMEB2-Asia
TBE0003,-0.0651346599196243,-0.22359051846968,CAMEB2,Stable,Asia,CAMEB2-Asia
TBE0004,0.0999682954480821,-0.0362784031644381,CAMEB2,Stable,Asia,CAMEB2-Asia
TBE0005,-0.648728109449403,-0.0950226382380626,CAMEB2,Stable,Asia,CAMEB2-Asia
TBE0006,0.272832090542782,-0.16882889848777,CAMEB2,Stable,Asia,CAMEB2-Asia
TBE0007,-0.443212256311239,-0.164672774427644,CAMEB2,Stable,Asia,CAMEB2-Asia
TBE0008,-0.0148412667869322,-0.00926249480990443,CAMEB2,Stable,Asia,CAMEB2-Asia
TBE0009,0.286827956107625,-0.159142559935493,CAMEB2,Stable,Asia,CAMEB2-Asia
TBE0010,0.279873962969013,-0.153297786915251,CAMEB2,Stable,Asia,CAMEB2-Asia
TBE0011,-0.0545185788280646,0.0719689599143483,CAMEB2,Stable,Asia,CAMEB2-Asia
TBE0012,0.234026272394417,-0.0967455972458714,CAMEB2,Stable,Asia,CAMEB2-Asia
TBE0013,0.0990590556862384,-0.0172465838886966,CAMEB2,Stable,Asia,CAMEB2-Asia
TBE0014,0.193459993895068,-0.119818239241829,CAMEB2,Stable,Asia,CAMEB2-Asia
TBE0015,0.274280168155796,-0.145503381730487,CAMEB2,Stable,UK,CAMEB2-UK
TBE0016,-0.610081797058017,-0.104478602263604,CAMEB2,Stable,UK,CAMEB2-UK
TBS002,0.170406339216526,-0.0769440604370968,CAMEB2,Stable,UK,CAMEB2-UK
TBS006,0.231073478770962,-0.125155329199025,CAMEB2,Stable,UK,CAMEB2-UK
TBS011,0.108218891528416,-0.0775293225593237,CAMEB2,Stable,UK,CAMEB2-UK
TBS035,0.208285611201948,0.0101395494972901,CAMEB2,Stable,UK,CAMEB2-UK
TBS150,0.20891668786541,-0.0981760975364671,CAMEB2,Stable,UK,CAMEB2-UK
TBS153,0.227708474410372,-0.130279608471571,CAMEB2,Stable,UK,CAMEB2-UK
TBS160,-0.649987638836269,-0.0944038338994982,CAMEB2,Stable,UK,CAMEB2-UK
TBS165,0.217141727144384,-0.111623566092029,CAMEB2,Stable,UK,CAMEB2-UK
TBS277,0.291175338700158,-0.0796566060326503,CAMEB2,Stable,UK,CAMEB2-UK
TBS349,0.212904461345414,-0.097994019579888,CAMEB2,Stable,UK,CAMEB2-UK
TBS365,-0.0872055038881052,0.101679539767405,CAMEB2,Stable,UK,CAMEB2-UK
TBS385,0.219843910641681,0.21741906118086,CAMEB2,Stable,UK,CAMEB2-UK
TBS387,-0.0874295401283234,0.104855558474683,CAMEB2,Stable,UK,CAMEB2-UK
TBS396,-0.0146103906752884,0.657366057835442,CAMEB2,Stable,UK,CAMEB2-UK
TBS425,-0.645443645903535,-0.0945752581934858,CAMEB2,Stable,UK,CAMEB2-UK
TBS435,0.0203601179334106,0.609873547797954,CAMEB2,Stable,UK,CAMEB2-UK
TBS442,0.221979078869953,-0.116396058873761,CAMEB2,Stable,UK,CAMEB2-UK
TBS461,0.109497953215257,-0.0530767398716562,CAMEB2,Stable,UK,CAMEB2-UK
TBS466,0.164637645726378,-0.0901286558277598,CAMEB2,Stable,UK,CAMEB2-UK
TBS467,0.0156403131423136,0.0342853730156317,CAMEB2,Stable,UK,CAMEB2-UK
TBS468,-0.366200618712714,-0.0276765247232932,CAMEB2,Stable,UK,CAMEB2-UK
TBS469,0.0669014609604284,0.55457528294378,CAMEB2,Stable,UK,CAMEB2-UK
TBS479,0.108586303153521,-0.0162991559624636,CAMEB2,Stable,UK,CAMEB2-UK
TBS480,0.162076258440819,-0.053485339834947,CAMEB2,Stable,UK,CAMEB2-UK
TBS488,-0.0156520212630517,0.655275233382409,CAMEB2,Stable,UK,CAMEB2-UK
TBS516,0.245007903348794,-0.0198367606928548,CAMEB2,Stable,UK,CAMEB2-UK
TBS524,-0.0048792921557676,0.650886273776381,CAMEB2,Stable,UK,CAMEB2-UK
TBS556,-0.0346698389567834,0.0646733431976934,CAMEB2,Stable,UK,CAMEB2-UK
TBS559,0.0803834620810041,-0.02140450852385,CAMEB2,Stable,UK,CAMEB2-UK
TBS587,0.0799915050778034,-0.0210426224120336,CAMEB2,Stable,UK,CAMEB2-UK
TBS596,-0.638843205816615,-0.0984937347263423,CAMEB2,Stable,UK,CAMEB2-UK
TBS656,-0.0459865835694315,0.688851708349964,CAMEB2,Stable,UK,CAMEB2-UK
TBS663,-0.0094730317400248,0.647760187521012,CAMEB2,Stable,UK,CAMEB2-UK
TBS664,0.239202302556184,-0.131110363134067,CAMEB2,Stable,UK,CAMEB2-UK
TBS668,0.0855729400760336,0.503279540388239,CAMEB2,Stable,UK,CAMEB2-UK
TBS670,0.188757980631149,-0.0776231710928921,CAMEB2,Stable,UK,CAMEB2-UK
TBS671,0.193746638131309,-0.0919156036020537,CAMEB2,Stable,UK,CAMEB2-UK
TBS672,0.242360368598556,-0.132900803610042,CAMEB2,Stable,UK,CAMEB2-UK
TH0007,-0.0674208182611115,0.039930293189366,CAMEB2,Stable,Asia,CAMEB2-Asia
TH0008,-0.0482862860241717,0.695173627087458,CAMEB2,Stable,Asia,CAMEB2-Asia
TH0016,0.0981160903303969,-0.0469650299119446,CAMEB2,Stable,Asia,CAMEB2-Asia
TH0017,-0.654236126286953,-0.096209818460901,CAMEB2,Stable,Asia,CAMEB2-Asia
TH0019,0.248298012100968,-0.133024644702518,CAMEB2,Stable,Asia,CAMEB2-Asia
TT0003,0.255653914491134,-0.140346783964396,CAMEB2,Stable,Asia,CAMEB2-Asia
TT0005,0.0536446321188446,0.00257222836618801,CAMEB2,Stable,Asia,CAMEB2-Asia
TT0006,0.102415045398018,-0.146647154354547,CAMEB2,Stable,Asia,CAMEB2-Asia
TT0009,-0.632513549023863,-0.0991881240545478,CAMEB2,Stable,Asia,CAMEB2-Asia
TT0010,0.0695926975983566,-0.082963833314618,CAMEB2,Stable,Asia,CAMEB2-Asia
TT0011,0.188329193536131,-0.119738382704957,CAMEB2,Stable,Asia,CAMEB2-Asia
TT0012,-0.363220936562544,-0.189947350604994,CAMEB2,Stable,Asia,CAMEB2-Asia
TT0014,0.245027243376647,0.123351170840167,CAMEB2,Stable,Asia,CAMEB2-Asia
TT0015,0.187662190943494,-0.162255049577613,CAMEB2,Stable,Asia,CAMEB2-Asia
TT0016,0.183489703207256,0.40390303731264,CAMEB2,Stable,Asia,CAMEB2-Asia
TT0017,0.08105940790717,-0.12797862537675,CAMEB2,Stable,Asia,CAMEB2-Asia
TT0018,0.155021409763595,-0.17688498485002,CAMEB2,Stable,Asia,CAMEB2-Asia
TT0019,0.248733757686005,-0.14419090185586,CAMEB2,Stable,Asia,CAMEB2-Asia
TT0021,0.175423275272842,-0.0722102089654339,CAMEB2,Stable,Asia,CAMEB2-Asia
TT0025,0.223884290041929,0.048948335634921,CAMEB2,Stable,Asia,CAMEB2-Asia
TT0029,-0.0114435585706324,0.0255661338016601,CAMEB2,Stable,Asia,CAMEB2-Asia
TT0030,-0.0118644587948458,-0.220665450352956,CAMEB2,Stable,Asia,CAMEB2-Asia
TT0031,-0.00227133048348249,0.0334259239271577,CAMEB2,Stable,Asia,CAMEB2-Asia
TT0033,0.294558235593045,-0.165220565228763,CAMEB2,Stable,Asia,CAMEB2-Asia
TT0034,0.185827529944972,-0.157152536538409,CAMEB2,Stable,Asia,CAMEB2-Asia
TT0038,0.0770654529303787,-0.183457439573325,CAMEB2,Stable,Asia,CAMEB2-Asia
TT0040,0.16255454999619,-0.0487434797211513,CAMEB2,Stable,Asia,CAMEB2-Asia
TT0042,-0.0425310164767526,-0.0627691464150177,CAMEB2,Stable,Asia,CAMEB2-Asia
TT0043,0.0293283339236503,-0.214044032292106,CAMEB2,Stable,Asia,CAMEB2-Asia
TT0045,-0.39627453087524,-0.173284443557125,CAMEB2,Stable,Asia,CAMEB2-Asia
TT0048,0.252887185581945,-0.174993754732311,CAMEB2,Stable,Asia,CAMEB2-Asia
TT0049,0.148018654192817,0.4188439824452,CAMEB2,Stable,Asia,CAMEB2-Asia
TT0051,0.216514997953926,-0.140689666070085,CAMEB2,Stable,Asia,CAMEB2-Asia
TT0053,-0.0724449667693367,0.0761420801200922,CAMEB2,Stable,Asia,CAMEB2-Asia
TT0059,0.271379454062748,-0.118748861702518,CAMEB2,Stable,Asia,CAMEB2-Asia
TT0060,-0.551858721352864,-0.128371402274857,CAMEB2,Stable,Asia,CAMEB2-Asia
TT0061,0.250972044765209,-0.142088258487616,CAMEB2,Stable,Asia,CAMEB2-Asia
TT0062,0.281011468776222,-0.163257485235734,CAMEB2,Stable,Asia,CAMEB2-Asia
TT0063,0.283617912573384,-0.150552251176603,CAMEB2,Stable,Asia,CAMEB2-Asia
TT0065,-0.455269344258452,-0.168146915674739,CAMEB2,Stable,Asia,CAMEB2-Asia
TT0067,0.227126119331133,-0.119945435069357,CAMEB2,Stable,Asia,CAMEB2-Asia
TT0069,0.223687219485513,-0.129727697264214,CAMEB2,Stable,Asia,CAMEB2-Asia
TTS1106,0.24807042552504,-0.141216589630685,CAMEB2,Stable,UK,CAMEB2-UK
TTS1108,0.248842226252165,-0.152751286021701,CAMEB2,Stable,UK,CAMEB2-UK
TTS1111,0.188768439739155,-0.151619541190451,CAMEB2,Stable,UK,CAMEB2-UK
TTS1115,0.228683929590329,0.212828733186125,CAMEB2,Stable,UK,CAMEB2-UK
TTS1116,0.229317746016341,-0.141992040596878,CAMEB2,Stable,UK,CAMEB2-UK
TTS1118,0.227946977748939,-0.100951784860496,CAMEB2,Stable,UK,CAMEB2-UK
TTS1120,0.283926362539359,-0.173803281690789,CAMEB2,Stable,UK,CAMEB2-UK
TTS1122,0.0722742713211974,0.555007628147557,CAMEB2,Stable,UK,CAMEB2-UK
TTS1123,0.216252978774175,-0.134513992745413,CAMEB2,Stable,UK,CAMEB2-UK
TTS1131,-0.44672504585543,-0.16270618662774,CAMEB2,Stable,UK,CAMEB2-UK
TTS1134,0.175786903990763,0.375156839489622,CAMEB2,Stable,UK,CAMEB2-UK
TTS1141,0.210853613008669,-0.12174352367045,CAMEB2,Stable,UK,CAMEB2-UK
TTS1146,0.0776169195595569,0.0267937748090222,CAMEB2,Stable,UK,CAMEB2-UK
TTS1149,-0.0397485316505649,0.0721263056746922,CAMEB2,Stable,UK,CAMEB2-UK
TTS1160,0.0181666857990397,0.616598130383542,CAMEB2,Stable,UK,CAMEB2-UK
TTS1170,0.118989668225506,0.102182987043426,CAMEB2,Stable,UK,CAMEB2-UK
TTS1188,0.0767915029424251,-0.0333906151072119,CAMEB2,Stable,UK,CAMEB2-UK
TTS1189,0.272183123359586,-0.181710913240156,CAMEB2,Stable,UK,CAMEB2-UK
TTS1194,0.232622765467593,-0.108682611279018,CAMEB2,Stable,UK,CAMEB2-UK
TTS1200,0.187692000437792,-0.113294986222487,CAMEB2,Stable,UK,CAMEB2-UK
TTS1203,0.129609664659124,-0.0821702685955506,CAMEB2,Stable,UK,CAMEB2-UK
TTS1204,0.247923541972284,-0.157606085703671,CAMEB2,Stable,UK,CAMEB2-UK
TTS1205,0.289450486715046,-0.179204144014053,CAMEB2,Stable,UK,CAMEB2-UK
TTS1210,0.253466182047626,-0.149272360817405,CAMEB2,Stable,UK,CAMEB2-UK
TTS1212,-0.624586412654404,-0.0977890466136884,CAMEB2,Stable,UK,CAMEB2-UK
TTS1214,0.254878984248689,-0.126245458745243,CAMEB2,Stable,UK,CAMEB2-UK
TTS1223,0.0602552422978205,0.564646163952686,CAMEB2,Stable,UK,CAMEB2-UK
TTS1263,0.180073915255842,0.233853381628021,CAMEB2,Stable,UK,CAMEB2-UK
TTS1272,0.237440481328818,-0.128542083335737,CAMEB2,Stable,UK,CAMEB2-UK
TTS1301,0.190822424870248,0.216098503948151,CAMEB2,Stable,UK,CAMEB2-UK
TTS1320,0.219406779523498,-0.115777865682716,CAMEB2,Stable,UK,CAMEB2-UK
TTS1330,-0.0109190370466691,0.64627011320296,CAMEB2,Stable,UK,CAMEB2-UK
