SampleID,Group,Read_count,SampleIndex
L1MLC1706485-WJ_TKB_3,blank,3863.259,1
L1MLC1706486-WJ_TKB_4,blank,3922.222,2
L1MLC1706487-WJ_TKB_5,blank,3826.616,3
L1MKG2803377-AS099,sample,4771778,4
L1MKG2803378-AS003,sample,570435,5
L1MKG2803379-AS002,sample,11937926,6
L1MKG2803380-AS109,sample,8121227,7
L1MKG2803381-AS029,sample,2666609,8
L1MKG2803382-AS030,sample,3371036,9
L1MKG2803383-AS032,sample,4616753,10
L1MKG2803384-AS006,sample,247191,11
L1MKG2803385-AS009,sample,704519,12
L1MKG2803386-AS010,sample,1277505,13
L1MKG2803387-AS016,sample,2649253,14
L1MKG2803388-A040,sample,3479981,15
L1MKG2803389-AS074,sample,1639827,16
L1MKG2803390-AS082,sample,11275293,17
L1MKG2803392-AS100,sample,1558975,18
L1MKG2803394-AS004,sample,190523,19
L1MKG2803395-AS007,sample,13500626,20
L1MKG2803396-AS039,sample,1391258,21
L1MKG2803397-AS043,sample,523808,22
L1MKG2803398-AS050,sample,2914680,23
L1MKG2803399-AS075,sample,3214682,24
L1MKG2803400-AS051,sample,501975,25
L1MKG2803401-AS076,sample,540964,26
L1MKG2803402-AS035,sample,2838925,27
L1MKG2803403-AS085,sample,1939676,28
L1MKG2803404-AS086,sample,3114492,29
L1MKG2803405-AS093,sample,1671005,30
L1MKG2803406-AS094,sample,4220808,31
L1MKG2803407-AS001,sample,2711239,32
L1MKG2803408-AS078,sample,254694,33
L1MKG2803409-AS083,sample,3577656,34
L1MKG2803410-AS077,sample,4083901,35
L1MKG2803412-AS040,sample,2342813,36
L1MKG2803414-AS053,sample,7742876,37
L1MKG2803419-AS067,sample,3031624,38
L1MKG2803421-AS071,sample,2155891,39
L1MKG2803422-AS073,sample,12389674,40
L1MKG2803423-AS080,sample,16313031,41
L1MKG2803424-AS089,sample,5802130,42
L1MKG2803426-AS096,sample,3995146,43
L1MLA1612837-YMJ_AS052_V1,sample,229052,44
L1MLA1612839-PW_AS060_V1,sample,1327884,45
L1MLA1612840-WJ_AS061_V1,sample,387995,46
L1MLA1612841-LZ_AS063_V1,sample,174882,47
L1MLA1612842-HFZ_AS079_V1,sample,2898049,48
L1MLA1612843-CXL_AS081_V1,sample,951547,49
L1MLA1612844-TDC_AS101_V1,sample,1413603,50
L1MLA1612846-SXQ_AS103_V1,sample,1612613,51
L1MLA1612847-LJA_AS124_V1,sample,514102,52
L1MLA1612848-YHF_AS098_V1,sample,1863637,53
L1MLA1612849-LSQ_AS015_V1,sample,5571661,54
L1MLA1612850-LYL_AS117_V1,sample,2476554,55
L1MLA1612851-CWQ_AS113_V1,sample,5881,56
L1MLA1612852-ST_AS112_V1,sample,2124553,57
L1MLA1612853-ZHJ_AS066_V1,sample,201458,58
L1MLA1612854-HLC_AS119_V1,sample,992130,59
L1MLA1612855-JYP_AS106_V1,sample,497668,60
L1MLA1612856-HZJ_AS038_V1,sample,2735064,61
L1MLA1612857-WJY_AS062_V1,sample,24158,62
L1MLA1612858-LHN_AS095_V1,sample,2888416,63
L1MLA1612859-LZC_AS104_V1,sample,255088,64
L1MLA1612860-ZHY_AS084_V1,sample,341041,65
L1MLA1612861-FZM_AS123_V1,sample,231392,66
L1MLA1612862-HRM_AS110_V1,sample,948620,67
L1MLA1612863-XJ_406_AS049_V1,sample,154038,68
L1MLA1612864-TYK_196_V1,sample,623598,69
L1MLA1612865-ZBY_306_V1,sample,1766776,70
L1MLA1612866-CJL_397_V1,sample,279592,71
L1MLA1612867-SEF_312_V1,sample,1128771,72
L1MLA1612868-CHJ_155_V2_J6,sample,411016,73
L1MLA1612869-DQP_300_V2,sample,36027,74
L1MLA1612870-YJH_316_V2,sample,65709,75
L1MLA1612871-LY_470_V1,sample,248457,76
L1MLA1612872-SJJ_250_V1,sample,178054,77
L1MLA1612873-YL_317_V2,sample,130662,78
L1MLA1612874-DLQ_204_V1,sample,2690546,79
L1MLA1612875-WQZ_75_V1,sample,168392,80
L1MLA1612877-TSZ_344_V1,sample,211268,81
L1MLA1612878-XYJ_247_V1,sample,1363750,82
L1MLA1612879-ZYZ_472_V1,sample,369219,83
L1MLA1612880-XQR_440_V1,sample,485425,84
L1MLA1612881-ZCF_124_v1,sample,35503,85
L1MLA1612882-LWS_38_V2,sample,36521,86
L1MLA1612883-ZCN_381_V1,sample,228852,87
L1MLA1612884-CZ_400_V1,sample,576444,88
L1MLA1612885-GSZ_353_V2,sample,411988,89
L1MLA1612886-ZXZ_437_V1,sample,200949,90
L1MLA1612887-FYJ_442_V1,sample,870680,91
L1MLA1612888-WXH_412_V1,sample,16667,92
L1MLA1612889-ZHX_424_V1,sample,185117,93
L1MLA1612890-WXC_358_V2,sample,1439389,94
L1MLA1612891-LLH_389_V1,sample,873375,95
L1MLA1612892-WBQ_419_V1,sample,286046,96
L1MLA1612893-SGS_418_V1,sample,49019,97
L1MLA1612894-XJM_90_V1,sample,1277178,98
L1MLA1612895-WWY_107_V1,sample,2331332,99
L1MLA1612896-GYT_238_V1,sample,24875,100
L1MLA1612897-LZH_197_V1,sample,1708440,101
L1MLA1612898-GWJ_214_V1,sample,262164,102
L1MLA1612899-XX_289_V1,sample,2748220,103
L1MLA1612900-LH_363_V2,sample,44742,104
L1MLA1612901-TGF_438_V1,sample,18178,105
L1MLA1612902-YM_448_V1,sample,15108,106
L1MLA1612903-ZYL_428_V1,sample,369217,107
L1MLA1612904-WSC_154_V1,sample,102458,108
L1MLA1612905-MJ_CP62_V1,sample,441613,109
L1MLA1612906-LDM_CP46_V1,sample,870385,110
L1MLA1612907-PZL_347_V2,sample,901382,111
L1MLA1612908-HPY_CP49_V1,sample,497037,112
L1MLA1612909-LBZ_CP51_V1,sample,33527,113
L1MLA1612910-YDX_CP64_V1,sample,833172,114
L1MLA1612911-CLY_426_V2,sample,485691,115
L1MLA1612912-WWX_2_V2,sample,62782,116
L1MLA1612913-ZXS_191_V1,sample,758353,117
L1MLA1612914-ZSL_CP69_V1,sample,1018943,118
L1MLA1612915-HBY_CP0_V1,sample,3034285,119
L1MLA1612916-HZH_243_V2,sample,303358,120
L1MLA1612917-LJJ_379_V2,sample,484417,121
L1MLA1612918-DHL_388_V2,sample,1881848,122
L1MLA1612919-HYQ_464_V1,sample,879703,123
L1MLA1612920-HJT_274_V1,sample,782106,124
L1MLA1612921-SKD_432_V1,sample,329143,125
L1MLA1612922-LDY_CP5_V1,sample,2459184,126
L1MLA1612923-GGR_CP20_V1,sample,1955907,127
L1MLA1612924-WGQ_229_V1,sample,1163282,128
L1MLA1612925-WZY_CP40_V1,sample,692872,129
L1MLA1612926-CGR_479_V1,sample,366292,130
L1MLA1612927-ZGH_CP63_V1,sample,858772,131
L1MLA1612928-CXQ_CP71_V1,sample,94864,132
L1MLA1612929-HSB_65_N1,sample,17137,133
L1MLA1612930-ZSR_217_V1,sample,196732,134
L1MLA1612931-SYJ_242_V1,sample,106283,135
L1MLA1612932-HHG_CP65_V1,sample,5992295,136
L1MLA1612933-ZDY_32_V1,sample,210046,137
L1MLA1612934-DBJ_235_V2,sample,112296,138
L1MLA1612935-WSZ_474_V2,sample,5085928,139
L1MLA1612936-YCH_280_V1,sample,697481,140
L1MLA1612937-LTW_139_V1,sample,84437,141
L1MLA1612938-ZLF_255_V1,sample,1477723,142
L1MLA1612939-XQY_276_V1,sample,157405,143
L1MLA1612940-SQH_175_V1,sample,759927,144
L1MLA1612941-LBQ_174_V2,sample,1536637,145
L1MLA1612942-ZJC_369_V,sample,111162,146
L1MLA1612943-CSL_342_V2,sample,2158786,147
L1MLA1612944-LY_319_V1,sample,500766,148
L1MLA1612945-CLY_426_V1,sample,305120,149
L1MLA1612946-HWC_435_V1,sample,1292968,150
L1MLA1612947-HJQ_446_V1,sample,319505,151
L1MLA1612948-LSF_423_V1,sample,526353,152
L1MLA1612949-PYH_31_V2,sample,785801,153
L1MLA1612950-ZXL_193_V1,sample,626842,154
L1MLA1612951-CXY_161_V1,sample,99710,155
L1MLA1612952-CBP_224_V1,sample,152121,156
L1MLA1612953-WG_153_V2,sample,733401,157
L1MLA1612954-HJW_173_V2,sample,124257,158
L1MLA1612955-DXP_220_V2,sample,219647,159
L1MLA1612956-CJX_222_V1,sample,128366,160
L1MLA1612957-YLY_356_V1,sample,3536255,161
L1MLA1612958-ZMZ_266_V2,sample,655397,162
L1MLA1612959-LSM_315_V1,sample,628844,163
L1MLA1612960-CKQ_443_V1,sample,167469,164
L1MLA1612961-LLX_299_V1,sample,1574636,165
L1MLA1612962-LDY_331_V,sample,2808296,166
L1MLA1612963-PXH_396_V,sample,399473,167
L1MLA1612964-YMX_27_V2,sample,73250,168
L1MLA1612965-WSQ_89_V1,sample,288346,169
L1MLA1612966-MZP_181_V1,sample,1818474,170
L1MLA1612967-MLC_CP47_V1,sample,200327,171
L1MLA1612968-JZW_CP48_V1,sample,1984265,172
L1MLA1612969-ZRL_CP50_V1,sample,761571,173
L1MLA1612970-SYC_CP52_V1,sample,286115,174
L1MLA1612971-LLX_CP53_V1,sample,1513801,175
L1MLA1612972-LHX_CP54_V1,sample,59563,176
L1MLA1612973-HGP_CP55_V1,sample,33510,177
L1MLA1612974-LYM_CP57_V1,sample,1252134,178
L1MLA1612975-ZGJ_CP58_V1,sample,5363262,179
L1MLA1612976-LST_CP59_V1,sample,2101233,180
L1MLA1612977-CSH_CP60_V1,sample,806205,181
L1MLA1612978-SWJ_CP70_V1,sample,4655247,182
L1MLA1612979-CCY_CPH1_V1,sample,211293,183
L1MLA1612980-HQS_CPH2_V1,sample,498246,184
L1MLA1612981-HBH_CP1_V1,sample,2109283,185
L1MLA1612982-LJH_CP7_V,sample,37678,186
L1MLA1612983-XWM_CP8_V1,sample,3254857,187
L1MLA1612984-WDG_CP9_V1,sample,4639888,188
L1MLA1612985-YXT_CP10_V1,sample,5818119,189
L1MLA1612986-TLF_CP11_V1,sample,1823749,190
L1MLA1612987-LXC_CP17_V1,sample,2172857,191
L1MLA1612988-LQ_CP21_V1,sample,16741820,192
L1MLA1612989-ZGQ_CP23_V1,sample,7920768,193
L1MLA1612990-ZXR_CP27_V1,sample,530333,194
L1MLA1612991-HFP_CP29_V1,sample,31580,195
L1MLA1612992-TYF_CP31_V1,sample,505646,196
L1MLA1612993-XYL_CP32_V1,sample,799971,197
L1MLA1612994-LYZ_CP30_V1,sample,302082,198
L1MLA1612995-LJF_CP34_V1,sample,2306373,199
L1MLA1612996-TQZ_CP41_V1,sample,623842,200
L1MLA1612997-WJH_CP42_V1,sample,5193295,201
