SampleID,Group,Read_count,Sample
3ORBITSbl01,blank,656,1
3ORBITSbl02,blank,882,2
3ORBITSbl03,blank,1284,3
3ORBITSbl04,blank,1570,4
3ORBIT01,sample,325675,5
3ORBIT02,sample,491257,6
3ORBIT03,sample,359411,7
3ORBIT05,sample,3921622,8
3ORBIT07,sample,48023,9
3ORBIT08,sample,9552754,10
3ORBIT10,sample,297014,11
3ORBIT100,sample,109092,12
3ORBIT101,sample,270616,13
3ORBIT102,sample,225738,14
3ORBIT103,sample,327053,15
3ORBIT104,sample,456196,16
3ORBIT105,sample,765912,17
3ORBIT106,sample,473242,18
3ORBIT107,sample,87086,19
3ORBIT108,sample,5381,20
3ORBIT109,sample,1849511,21
3ORBIT110,sample,132046,22
3ORBIT111,sample,476559,23
3ORBIT112,sample,440268,24
3ORBIT113,sample,787944,25
3ORBIT114,sample,312775,26
3ORBIT115,sample,155855,27
3ORBIT116,sample,92739,28
3ORBIT117,sample,610991,29
3ORBIT118,sample,36724,30
3ORBIT119,sample,1214167,31
3ORBIT12,sample,393755,32
3ORBIT120,sample,304259,33
3ORBIT121,sample,155375,34
3ORBIT122,sample,2961634,35
3ORBIT124,sample,1651984,36
3ORBIT126,sample,31280,37
3ORBIT127,sample,71416,38
3ORBIT128,sample,1256182,39
3ORBIT129,sample,20302,40
3ORBIT130,sample,165456,41
3ORBIT131,sample,388467,42
3ORBIT132,sample,9733449,43
3ORBIT133,sample,111766,44
3ORBIT135,sample,328803,45
3ORBIT137,sample,2970284,46
3ORBIT138,sample,192824,47
3ORBIT139,sample,5235661,48
3ORBIT14,sample,996233,49
3ORBIT140,sample,8876663,50
3ORBIT141,sample,654064,51
3ORBIT142,sample,371217,52
3ORBIT144,sample,246711,53
3ORBIT145,sample,190478,54
3ORBIT146,sample,187681,55
3ORBIT147,sample,77611,56
3ORBIT148,sample,392464,57
3ORBIT149,sample,1101223,58
3ORBIT15,sample,62883,59
3ORBIT150,sample,9266,60
3ORBIT151,sample,234687,61
3ORBIT152,sample,187410,62
3ORBIT153,sample,761872,63
3ORBIT155,sample,2571331,64
3ORBIT156,sample,375844,65
3ORBIT157,sample,1187930,66
3ORBIT158,sample,89526,67
3ORBIT159,sample,115795,68
3ORBIT16,sample,1467906,69
3ORBIT160,sample,877793,70
3ORBIT161,sample,143237,71
3ORBIT162,sample,810225,72
3ORBIT163,sample,26602,73
3ORBIT168,sample,148298,74
3ORBIT169,sample,494382,75
3ORBIT17,sample,279398,76
3ORBIT170,sample,275072,77
3ORBIT171,sample,125083,78
3ORBIT172,sample,1113877,79
3ORBIT173,sample,1825310,80
3ORBIT174,sample,1371849,81
3ORBIT175,sample,35273,82
3ORBIT176,sample,215395,83
3ORBIT177,sample,245079,84
3ORBIT178,sample,627415,85
3ORBIT179,sample,33896,86
3ORBIT18,sample,55413,87
3ORBIT180,sample,355478,88
3ORBIT181,sample,1019775,89
3ORBIT182,sample,316460,90
3ORBIT184,sample,999995,91
3ORBIT185,sample,177263,92
3ORBIT186,sample,299787,93
3ORBIT188,sample,69112,94
3ORBIT189,sample,246373,95
3ORBIT190,sample,29491,96
3ORBIT191,sample,72383,97
3ORBIT193,sample,94315,98
3ORBIT194,sample,117415,99
3ORBIT195,sample,3003120,100
3ORBIT196,sample,193452,101
3ORBIT197,sample,1939100,102
3ORBIT198,sample,7439903,103
3ORBIT199,sample,197192,104
3ORBIT200,sample,4459,105
3ORBIT201,sample,104005,106
3ORBIT202,sample,127627,107
3ORBIT203,sample,458427,108
3ORBIT204,sample,241678,109
3ORBIT205,sample,65150,110
3ORBIT206,sample,4946697,111
3ORBIT207,sample,644934,112
3ORBIT208,sample,342210,113
3ORBIT209,sample,357622,114
3ORBIT210,sample,1147127,115
3ORBIT211,sample,494226,116
3ORBIT213,sample,425275,117
3ORBIT215,sample,1269654,118
3ORBIT216,sample,412023,119
3ORBIT217,sample,527089,120
3ORBIT218,sample,575379,121
3ORBIT219,sample,116041,122
3ORBIT22,sample,8744,123
3ORBIT220,sample,171369,124
3ORBIT223,sample,145902,125
3ORBIT224,sample,134683,126
3ORBIT226,sample,282519,127
3ORBIT227,sample,5374181,128
3ORBIT228,sample,75714,129
3ORBIT229,sample,517982,130
3ORBIT23,sample,1959274,131
3ORBIT230,sample,100615,132
3ORBIT231,sample,318785,133
3ORBIT232,sample,153526,134
3ORBIT233,sample,5558,135
3ORBIT234,sample,176152,136
3ORBIT235,sample,2712526,137
3ORBIT236,sample,49686,138
3ORBIT237,sample,54585,139
3ORBIT238,sample,71857,140
3ORBIT239,sample,251907,141
3ORBIT24,sample,191130,142
3ORBIT240,sample,334781,143
3ORBIT241,sample,213040,144
3ORBIT242,sample,525086,145
3ORBIT243,sample,98267,146
3ORBIT244,sample,201858,147
3ORBIT245,sample,136573,148
3ORBIT246,sample,7362303,149
3ORBIT25,sample,485975,150
3ORBIT26,sample,610535,151
3ORBIT27,sample,3125127,152
3ORBIT28,sample,474625,153
3ORBIT29,sample,242362,154
3ORBIT30,sample,1014339,155
3ORBIT32,sample,209963,156
3ORBIT34,sample,1022425,157
3ORBIT35,sample,297548,158
3ORBIT36,sample,1604788,159
3ORBIT37,sample,114643,160
3ORBIT38,sample,78144,161
3ORBIT39,sample,822992,162
3ORBIT40,sample,86709,163
3ORBIT41,sample,223296,164
3ORBIT42,sample,58717,165
3ORBIT46,sample,163870,166
3ORBIT47,sample,2594668,167
3ORBIT48,sample,325075,168
3ORBIT49,sample,148347,169
3ORBIT50,sample,636424,170
3ORBIT51,sample,2398982,171
3ORBIT52,sample,197988,172
3ORBIT53,sample,61197,173
3ORBIT54,sample,293738,174
3ORBIT55,sample,574107,175
3ORBIT56,sample,222779,176
3ORBIT57,sample,832257,177
3ORBIT59,sample,342745,178
3ORBIT61,sample,1028001,179
3ORBIT62,sample,142244,180
3ORBIT63,sample,274459,181
3ORBIT64,sample,203072,182
3ORBIT65,sample,110480,183
3ORBIT66,sample,1101814,184
3ORBIT68,sample,527675,185
3ORBIT69,sample,110182,186
3ORBIT71,sample,361026,187
3ORBIT72,sample,6377020,188
3ORBIT73,sample,432293,189
3ORBIT74,sample,31721,190
3ORBIT75,sample,283995,191
3ORBIT76,sample,1110382,192
3ORBIT77,sample,471570,193
3ORBIT78,sample,100164,194
3ORBIT79,sample,244413,195
3ORBIT80,sample,114859,196
3ORBIT81,sample,433647,197
3ORBIT82,sample,276231,198
3ORBIT83,sample,110201,199
3ORBIT84,sample,212373,200
3ORBIT85,sample,10955940,201
3ORBIT86,sample,328555,202
3ORBIT88,sample,463773,203
3ORBIT89,sample,269036,204
3ORBIT90,sample,1305983,205
3ORBIT91,sample,52636,206
3ORBIT93,sample,179839,207
3ORBIT94,sample,357567,208
3ORBIT95,sample,202287,209
3ORBIT97,sample,24794,210
3ORBIT98,sample,111581,211
3ORBIT99,sample,75621,212
