dataSet,var,Species,Method,Estimate,Std.Error,t.value,p.value,Zscore,direction,PlotValue,Text
118.stable,FEV1pred_perc,Schaalia_odontolytica,MASS::rlm,160.764202874756,99.5351700074246,1.61514972911348,0.110316410913682,1.59677257672226,1,1.59677257672226,NA
118.stable,FEV1pred_perc,Rothia_mucilaginosa,MASS::rlm,101.309453948774,58.5506010871932,1.73028887949254,0.0875335153423836,1.70855443308386,1,1.70855443308386,NA
118.stable,FEV1pred_perc,Porphyromonas_gingivalis,MASS::rlm,10.4931265303698,15.8102429512962,0.663691668919578,0.508844654050622,0.660637749467155,1,NA,NA
118.stable,FEV1pred_perc,Prevotella_jejuni,MASS::rlm,31.3382742559636,42.4293333233094,0.738599261439428,0.462367058633508,0.734954740328833,1,NA,NA
118.stable,FEV1pred_perc,Prevotella_melaninogenica,MASS::rlm,52.0085198724525,32.7736802851504,1.58689898174229,0.116581401439512,1.56928562014843,1,1.56928562014843,NA
118.stable,FEV1pred_perc,Staphylococcus_aureus,MASS::rlm,0.0145492712569437,26.2424484092566,0.000554417447261196,0.99955905441714,0.00055264336091617,1,NA,NA
118.stable,FEV1pred_perc,Streptococcus_mitis,MASS::rlm,12.0554744954765,53.6761946755551,0.224596295775913,0.822880665316972,0.223841463413511,1,NA,NA
118.stable,FEV1pred_perc,Streptococcus_oralis,MASS::rlm,-1.63127025669439,108.920581367304,-0.0149766943603927,0.988089015658898,-0.0149287595689644,-1,NA,NA
118.stable,FEV1pred_perc,Streptococcus_parasanguinis,MASS::rlm,368.577095052364,190.844622071005,1.93129411273236,0.057079535434625,1.90270127542587,1,1.90270127542587,NA
118.stable,FEV1pred_perc,Streptococcus_pneumoniae,MASS::rlm,25.0778607732928,25.208363966811,0.994823020101975,0.322898557191381,0.988518952441229,1,NA,NA
118.stable,FEV1pred_perc,Streptococcus_salivarius,MASS::rlm,135.326625976996,133.971511045331,1.01011494847742,0.315563497413585,1.00361650195893,1,NA,NA
118.stable,FEV1pred_perc,Streptococcus_sp._HSISM1,MASS::rlm,522.118878290975,278.354590196749,1.87573295601817,0.0644335456057486,1.84916808491211,1,1.84916808491211,NA
118.stable,FEV1pred_perc,Streptococcus_sp._LPB0220,MASS::rlm,486.374442470452,255.805346545988,1.9013458828665,0.060949858601296,1.87385902325066,1,1.87385902325066,NA
118.stable,FEV1pred_perc,Streptococcus_sp._oral_taxon_431,MASS::rlm,73.6439612848046,101.004637175367,0.729114655963187,0.468115242170671,0.72554908724715,1,NA,NA
118.stable,FEV1pred_perc,Veillonella_atypica,MASS::rlm,84.1432246957543,58.1003609071157,1.44823927738199,0.151558113998231,1.434049582522,1,1.434049582522,NA
118.stable,FEV1pred_perc,Veillonella_dispar,MASS::rlm,124.452860876894,55.5819586491304,2.23908735679003,0.0279996179019554,2.19729173015363,1,2.19729173015363,+
118.stable,FEV1pred_perc,Veillonella_parvula,MASS::rlm,140.462388572759,69.357316203507,2.02519930501084,0.0462681167739661,1.99293909418022,1,1.99293909418022,+
118.stable,FEV1pred_perc,Neisseria_subflava,MASS::rlm,22.9757952556931,16.8705233510149,1.36188989384914,0.177153088177103,1.34957269322511,1,1.34957269322511,NA
118.stable,FEV1pred_perc,Haemophilus_influenzae,MASS::rlm,-10.562470023597,9.65007322333223,-1.0945481737961,0.277083123663156,-1.08689520956244,-1,NA,NA
118.stable,FEV1pred_perc,Haemophilus_parainfluenzae,MASS::rlm,36.2273833261919,34.8575924592642,1.03929677210291,0.301877712700964,1.03241507538174,1,NA,NA
118.stable,FEV1pred_perc,Moraxella_catarrhalis,MASS::rlm,-60.9142903718331,24.64429286481,-2.47174024046815,0.0156241511601265,-2.41757878743651,-1,-2.41757878743651,-
118.stable,FEV1pred_perc,Pseudomonas_aeruginosa,MASS::rlm,-2.17367581151422,6.87888280194036,-0.315992563632729,0.75285216865859,-0.314880788600849,-1,NA,NA
118.stable,FEV1pred_perc,Pseudomonas_tolaasii,MASS::rlm,-41.2056593317902,178.468783061225,-0.230884408046053,0.818009143573696,-0.230106333428165,-1,NA,NA
CAMEB2,FEV1pred_perc,Schaalia_odontolytica,MASS::rlm,13.8399236090925,17.7796245503838,0.778414840531251,0.437069537082151,0.777151255177625,1,NA,NA
CAMEB2,FEV1pred_perc,Rothia_mucilaginosa,MASS::rlm,8.20683685282209,9.30645478413446,0.881843520780116,0.378718777729051,0.880259443638934,1,NA,NA
CAMEB2,FEV1pred_perc,Porphyromonas_gingivalis,MASS::rlm,-36.1653687591201,18.2292637053326,-1.98391823957984,0.0483719765057993,-1.97408589847289,-1,-1.97408589847289,-
CAMEB2,FEV1pred_perc,Prevotella_jejuni,MASS::rlm,34.3587683249186,20.0719088529621,1.71178379578224,0.0881917252448433,1.70501447268539,1,1.70501447268539,NA
CAMEB2,FEV1pred_perc,Prevotella_melaninogenica,MASS::rlm,43.2467706160447,19.9671949394952,2.16589114029745,0.0312766991106721,2.15353445676978,1,2.15353445676978,+
CAMEB2,FEV1pred_perc,Staphylococcus_aureus,MASS::rlm,-6.45800938294906,15.3420734914969,-0.42093458791788,0.674168873535596,-0.42043339904209,-1,NA,NA
CAMEB2,FEV1pred_perc,Streptococcus_mitis,MASS::rlm,23.3998424799868,12.394343815044,1.8879452457648,0.0602054282990388,1.87928617561809,1,1.87928617561809,NA
CAMEB2,FEV1pred_perc,Streptococcus_oralis,MASS::rlm,65.2255862316059,20.3560379870897,3.20423779288354,0.00153242727246223,3.16847158637981,1,3.16847158637981,+
CAMEB2,FEV1pred_perc,Streptococcus_parasanguinis,MASS::rlm,33.5488643939646,22.2543740101498,1.50751777509731,0.132955914395574,1.50254694159663,1,1.50254694159663,NA
CAMEB2,FEV1pred_perc,Streptococcus_pneumoniae,MASS::rlm,53.3653710652598,20.6111333168991,2.5891526799987,0.0101921066248231,2.56924263865101,1,2.56924263865101,+
CAMEB2,FEV1pred_perc,Streptococcus_salivarius,MASS::rlm,23.1662077707612,15.4542347199692,1.49902005440794,0.135145414627566,1.49411557174902,1,1.49411557174902,NA
CAMEB2,FEV1pred_perc,Streptococcus_sp._HSISM1,MASS::rlm,19.1757555108473,22.0275798622976,0.870533922960302,0.384853944985674,0.868987541819593,1,NA,NA
CAMEB2,FEV1pred_perc,Streptococcus_sp._LPB0220,MASS::rlm,21.6531617197264,22.0362322959575,0.982616330637371,0.326757804898633,0.980665332654769,1,NA,NA
CAMEB2,FEV1pred_perc,Streptococcus_sp._oral_taxon_431,MASS::rlm,21.9177310935173,22.800188098844,0.961296064685913,0.337343425721433,0.959427502304462,1,NA,NA
CAMEB2,FEV1pred_perc,Veillonella_atypica,MASS::rlm,62.752794838659,18.5075061183457,3.39066724805535,0.00081162687773569,3.34879888210293,1,3.34879888210293,+
CAMEB2,FEV1pred_perc,Veillonella_dispar,MASS::rlm,66.6228625865411,24.820339641952,2.68420430774176,0.00776216509945207,2.66224372929571,1,2.66224372929571,+
CAMEB2,FEV1pred_perc,Veillonella_parvula,MASS::rlm,86.817697336175,18.719387457638,4.63784926363877,5.71094742151825e-06,4.53681754266948,1,4.53681754266948,+
CAMEB2,FEV1pred_perc,Neisseria_subflava,MASS::rlm,15.1396169992648,10.1934211547093,1.48523412988488,0.138756950867683,1.48043591657436,1,1.48043591657436,NA
CAMEB2,FEV1pred_perc,Haemophilus_influenzae,MASS::rlm,0.458157425278318,5.72730343149924,0.0799953120623094,0.936305759315063,0.079913868908435,1,NA,NA
CAMEB2,FEV1pred_perc,Haemophilus_parainfluenzae,MASS::rlm,41.6585777334391,15.92606359512,2.61574854857442,0.00945142812933008,2.5952785699945,1,2.5952785699945,+
CAMEB2,FEV1pred_perc,Moraxella_catarrhalis,MASS::rlm,13.0168421098376,12.2591713961863,1.06180439845119,0.289361563300211,1.05952321293021,1,NA,NA
CAMEB2,FEV1pred_perc,Pseudomonas_aeruginosa,MASS::rlm,-21.3809760263308,5.34587647325142,-3.99952676297563,8.38965591208008e-05,-3.93298762306166,-1,-3.93298762306166,-
CAMEB2,FEV1pred_perc,Pseudomonas_tolaasii,MASS::rlm,-13.7305269909644,12.1910430490691,-1.12627992007729,0.26114012603711,-1.12370044863152,-1,NA,NA
EMBARC,FEV1pred_perc,Schaalia_odontolytica,MASS::rlm,96.6015773532989,14.7915167912944,6.53087703690768,2.34339639964597e-10,6.33696207745664,1,6.33696207745664,+
EMBARC,FEV1pred_perc,Rothia_mucilaginosa,MASS::rlm,46.4934880767221,10.2047922783899,4.55604453362353,7.24283947237198e-06,4.48642441693223,1,4.48642441693223,+
EMBARC,FEV1pred_perc,Porphyromonas_gingivalis,MASS::rlm,19.5828123214036,21.0178897570675,0.931721145545487,0.352132197211183,0.930461484181319,1,NA,NA
EMBARC,FEV1pred_perc,Prevotella_jejuni,MASS::rlm,95.8091975609628,21.969019939399,4.36110476594996,1.71085210291953e-05,4.29962778030813,1,4.29962778030813,+
EMBARC,FEV1pred_perc,Prevotella_melaninogenica,MASS::rlm,71.8310596873739,14.8896894970578,4.82421474951292,2.11324192117645e-06,4.74228198798886,1,4.74228198798886,+
EMBARC,FEV1pred_perc,Staphylococcus_aureus,MASS::rlm,-2.39157733266019,15.3287945424706,-0.156018617513202,0.876109596907718,-0.155902852407571,-1,NA,NA
EMBARC,FEV1pred_perc,Streptococcus_mitis,MASS::rlm,33.7045603402825,13.8978398524146,2.42516539967372,0.0158141335007566,2.4131770972644,1,2.4131770972644,+
EMBARC,FEV1pred_perc,Streptococcus_oralis,MASS::rlm,36.1252343331563,20.2478913640765,1.78414797292173,0.0752783691727851,1.77876456343576,1,1.77876456343576,NA
EMBARC,FEV1pred_perc,Streptococcus_parasanguinis,MASS::rlm,97.7063476863494,19.0008385009725,5.14221241769664,4.56044779783671e-07,5.04393898318086,1,5.04393898318086,+
EMBARC,FEV1pred_perc,Streptococcus_pneumoniae,MASS::rlm,16.3895890762438,15.1115462645365,1.08457392707102,0.278867726450138,1.08286640266513,1,NA,NA
EMBARC,FEV1pred_perc,Streptococcus_salivarius,MASS::rlm,43.7560454741526,13.9595719954117,3.13448331285046,0.00186925494468141,3.11025563103747,1,3.11025563103747,+
EMBARC,FEV1pred_perc,Streptococcus_sp._HSISM1,MASS::rlm,81.3400580295853,20.5781025716659,3.95274820631824,9.37434534832821e-05,3.90623988132926,1,3.90623988132926,+
EMBARC,FEV1pred_perc,Streptococcus_sp._LPB0220,MASS::rlm,76.1316220143969,20.5604342211544,3.70282170091846,0.000248155063886479,3.6641564610877,1,3.6641564610877,+
EMBARC,FEV1pred_perc,Streptococcus_sp._oral_taxon_431,MASS::rlm,115.14225723814,21.0272934238319,5.47584774308801,8.4006898686626e-08,5.35830379626923,1,5.35830379626923,+
EMBARC,FEV1pred_perc,Veillonella_atypica,MASS::rlm,93.6562772016155,17.256456399204,5.42731804462099,1.08003093170886e-07,5.31271633238698,1,5.31271633238698,+
EMBARC,FEV1pred_perc,Veillonella_dispar,MASS::rlm,113.97434945438,20.1498114790162,5.65634817839721,3.2494558180155e-08,5.52743552728575,1,5.52743552728575,+
EMBARC,FEV1pred_perc,Veillonella_parvula,MASS::rlm,82.3483594528185,24.3020283585237,3.38853853011555,0.000783911844201075,3.35841373651174,1,3.35841373651174,+
EMBARC,FEV1pred_perc,Neisseria_subflava,MASS::rlm,37.0969197421216,12.0043947363302,3.09027823200875,0.00216226369877156,3.0669896141625,1,3.0669896141625,+
EMBARC,FEV1pred_perc,Haemophilus_influenzae,MASS::rlm,1.93948016819914,5.34379793714892,0.362940401379383,0.716871664011928,0.362642893441629,1,NA,NA
EMBARC,FEV1pred_perc,Haemophilus_parainfluenzae,MASS::rlm,99.4308135362061,18.6971351848502,5.31797051009034,1.89020657936733e-07,5.20982320794416,1,5.20982320794416,+
EMBARC,FEV1pred_perc,Moraxella_catarrhalis,MASS::rlm,-18.7669428135517,10.7278536995635,-1.74936602783046,0.0811169521532495,-1.74424170369623,-1,-1.74424170369623,NA
EMBARC,FEV1pred_perc,Pseudomonas_aeruginosa,MASS::rlm,-24.0003294798629,4.52974377243806,-5.29838566717541,2.0875345267668e-07,-5.19136898776167,-1,-5.19136898776167,-
EMBARC,FEV1pred_perc,Pseudomonas_tolaasii,MASS::rlm,-44.8203228176069,93.3458147591195,-0.4801535337526,0.631422512628658,-0.479725613362872,-1,NA,NA
