SampleID,Group,Cohort,Read_count,Sample
13LTBlank,blank,CAMEB2,6062,1
ABX-HMSP1162-M-01,blank,CAMEB2,919,2
ABX-HMSP1163-M-01,blank,CAMEB2,525,3
ABX-HMSP1164-M-01,blank,CAMEB2,2645,4
ABX-HMSP1165-M-01,blank,CAMEB2,3153,5
SRR10693275,sample,CAMEB2,11336,6
SRR11661704,sample,CAMEB2,7679,7
SRR11661705,sample,CAMEB2,893038,8
SRR11661706,sample,CAMEB2,401814,9
SRR11661707,sample,CAMEB2,6651,10
SRR11661708,sample,CAMEB2,59357,11
SRR11661709,sample,CAMEB2,151616,12
SRR11661710,sample,CAMEB2,2805,13
SRR11661711,sample,CAMEB2,216888,14
SRR11661712,sample,CAMEB2,148105,15
SRR11661713,sample,CAMEB2,12376,16
SRR11661715,sample,CAMEB2,10103,17
SRR11661716,sample,CAMEB2,324738,18
SRR11661717,sample,CAMEB2,1289165,19
SRR11661718,sample,CAMEB2,84898,20
SRR11661719,sample,CAMEB2,259245,21
SRR11661720,sample,CAMEB2,436464,22
SRR11661721,sample,CAMEB2,392263,23
SRR11661722,sample,CAMEB2,17235,24
SRR11661723,sample,CAMEB2,99671,25
SRR11661724,sample,CAMEB2,713928,26
SRR11661725,sample,CAMEB2,843505,27
SRR11661726,sample,CAMEB2,61951,28
SRR11661727,sample,CAMEB2,88561,29
SRR11661728,sample,CAMEB2,383831,30
SRR11661729,sample,CAMEB2,162833,31
SRR11661730,sample,CAMEB2,92188,32
SRR11661731,sample,CAMEB2,302770,33
SRR11661732,sample,CAMEB2,1666,34
SRR11661733,sample,CAMEB2,327770,35
SRR11661734,sample,CAMEB2,185731,36
SRR11661735,sample,CAMEB2,9741,37
SRR11661736,sample,CAMEB2,5840,38
SRR11661737,sample,CAMEB2,39965,39
SRR11661738,sample,CAMEB2,87276,40
SRR11661739,sample,CAMEB2,54140,41
SRR11661740,sample,CAMEB2,272033,42
SRR11661741,sample,CAMEB2,377743,43
SRR11661742,sample,CAMEB2,14648,44
SRR11661743,sample,CAMEB2,57584,45
SRR11661744,sample,CAMEB2,219627,46
SRR12512274,sample,CAMEB2,32458,47
SRR12512275,sample,CAMEB2,12338,48
SRR12512276,sample,CAMEB2,44315,49
SRR12512277,sample,CAMEB2,53314,50
SRR12512278,sample,CAMEB2,61766,51
SRR12512279,sample,CAMEB2,19957,52
SRR12512280,sample,CAMEB2,6473,53
SRR12512281,sample,CAMEB2,36995,54
SRR12512282,sample,CAMEB2,70669,55
SRR12512283,sample,CAMEB2,110133,56
SRR12512284,sample,CAMEB2,229249,57
SRR12512285,sample,CAMEB2,85137,58
SRR12512286,sample,CAMEB2,88478,59
SRR12512287,sample,CAMEB2,18981,60
SRR12512288,sample,CAMEB2,16375,61
SRR12512289,sample,CAMEB2,63917,62
SRR12512290,sample,CAMEB2,84520,63
SRR12512291,sample,CAMEB2,4108,64
SRR12512292,sample,CAMEB2,4831,65
SRR12512293,sample,CAMEB2,86912,66
SRR12512294,sample,CAMEB2,39929,67
SRR12512295,sample,CAMEB2,10178,68
SRR12512296,sample,CAMEB2,4613,69
SRR12512297,sample,CAMEB2,461471,70
SRR12512298,sample,CAMEB2,18845,71
SRR12512299,sample,CAMEB2,14776,72
SRR12512300,sample,CAMEB2,10631,73
SRR12512301,sample,CAMEB2,123019,74
SRR12512302,sample,CAMEB2,37271,75
SRR12512303,sample,CAMEB2,5722,76
SRR12512304,sample,CAMEB2,4822,77
SRR12512305,sample,CAMEB2,20444,78
SRR12512306,sample,CAMEB2,12561,79
SRR12512307,sample,CAMEB2,157095,80
SRR12512308,sample,CAMEB2,14372,81
SRR12512309,sample,CAMEB2,95696,82
SRR12512310,sample,CAMEB2,29086,83
SRR12512311,sample,CAMEB2,41387,84
SRR12512312,sample,CAMEB2,11217,85
SRR12512313,sample,CAMEB2,13504,86
SRR12512314,sample,CAMEB2,35809,87
SRR12512315,sample,CAMEB2,16009,88
SRR12512316,sample,CAMEB2,3386,89
SRR12512317,sample,CAMEB2,7551,90
SRR12512318,sample,CAMEB2,49384,91
SRR12512319,sample,CAMEB2,17201,92
SRR12512320,sample,CAMEB2,14854,93
SRR12512321,sample,CAMEB2,75141,94
SRR12512322,sample,CAMEB2,9969,95
SRR12512323,sample,CAMEB2,44733,96
SRR12512324,sample,CAMEB2,12355,97
SRR12512325,sample,CAMEB2,5486,98
SRR12512326,sample,CAMEB2,9550,99
SRR12512327,sample,CAMEB2,218226,100
SRR12512328,sample,CAMEB2,5795,101
SRR12512329,sample,CAMEB2,982829,102
SRR12512330,sample,CAMEB2,15369,103
SRR12512331,sample,CAMEB2,13092,104
SRR12512332,sample,CAMEB2,132803,105
SRR12512333,sample,CAMEB2,10368,106
SRR12512334,sample,CAMEB2,27449,107
SRR12512335,sample,CAMEB2,89734,108
SRR12512336,sample,CAMEB2,1540385,109
SRR12512337,sample,CAMEB2,10581,110
SRR12512338,sample,CAMEB2,352114,111
SRR12512339,sample,CAMEB2,1225954,112
SRR12512340,sample,CAMEB2,590071,113
SRR12512341,sample,CAMEB2,244925,114
SRR12512342,sample,CAMEB2,18583,115
SRR12512343,sample,CAMEB2,18828,116
SRR12512344,sample,CAMEB2,145781,117
SRR12512345,sample,CAMEB2,318593,118
SRR12512346,sample,CAMEB2,8446,119
SRR12512347,sample,CAMEB2,29958,120
SRR12512348,sample,CAMEB2,26204,121
SRR12512349,sample,CAMEB2,276521,122
SRR12512350,sample,CAMEB2,31887,123
SRR12512351,sample,CAMEB2,9595,124
SRR12512352,sample,CAMEB2,87948,125
SRR12512353,sample,CAMEB2,3947,126
SRR12512354,sample,CAMEB2,5503,127
SRR12512355,sample,CAMEB2,45241,128
SRR12512356,sample,CAMEB2,6895,129
SRR12512357,sample,CAMEB2,13339,130
SRR12512358,sample,CAMEB2,854535,131
SRR12512359,sample,CAMEB2,9193,132
SRR12512360,sample,CAMEB2,30666,133
SRR12512361,sample,CAMEB2,52631,134
SRR12512362,sample,CAMEB2,592471,135
SRR12512363,sample,CAMEB2,7590,136
SRR12512364,sample,CAMEB2,67437,137
SRR12512365,sample,CAMEB2,24022,138
SRR12512366,sample,CAMEB2,27401,139
SRR12512367,sample,CAMEB2,320235,140
SRR12512368,sample,CAMEB2,22017,141
SRR12512369,sample,CAMEB2,10676,142
SRR12512370,sample,CAMEB2,25233,143
SRR12512371,sample,CAMEB2,7250,144
SRR12512372,sample,CAMEB2,41193,145
SRR12512373,sample,CAMEB2,44500,146
SRR12512374,sample,CAMEB2,625707,147
SRR12512375,sample,CAMEB2,7891,148
SRR12512376,sample,CAMEB2,43103,149
SRR12512377,sample,CAMEB2,6808,150
SRR12512378,sample,CAMEB2,111634,151
SRR12512379,sample,CAMEB2,32208,152
SRR12512380,sample,CAMEB2,4859,153
SRR12512381,sample,CAMEB2,236054,154
SRR12512382,sample,CAMEB2,94612,155
SRR12512383,sample,CAMEB2,45450,156
SRR12512384,sample,CAMEB2,74585,157
SRR12512385,sample,CAMEB2,7290,158
SRR12512386,sample,CAMEB2,36722,159
SRR12512387,sample,CAMEB2,15533,160
SRR12512388,sample,CAMEB2,213966,161
SRR12512389,sample,CAMEB2,14599,162
SRR12512390,sample,CAMEB2,9771,163
SRR12512391,sample,CAMEB2,17679,164
SRR12512392,sample,CAMEB2,33702,165
SRR12512393,sample,CAMEB2,4006,166
SRR12512394,sample,CAMEB2,1846902,167
SRR12512395,sample,CAMEB2,235267,168
SRR12512396,sample,CAMEB2,43600,169
SRR12512397,sample,CAMEB2,7843,170
SRR12512398,sample,CAMEB2,1395509,171
SRR12512399,sample,CAMEB2,24717,172
SRR12512400,sample,CAMEB2,62696,173
SRR12512401,sample,CAMEB2,88295,174
SRR12512402,sample,CAMEB2,4088,175
SRR17202113,sample,CAMEB2,706,176
SRR24889298,sample,CAMEB2,15695,177
SRR24889299,sample,CAMEB2,61525,178
SRR24889300,sample,CAMEB2,273798,179
SRR24889301,sample,CAMEB2,78439,180
SRR24889302,sample,CAMEB2,405060,181
SRR24889303,sample,CAMEB2,12412,182
SRR24889304,sample,CAMEB2,162523,183
SRR24889305,sample,CAMEB2,63035,184
SRR24889306,sample,CAMEB2,631,185
SRR24889307,sample,CAMEB2,10465,186
SRR24889309,sample,CAMEB2,13553,187
SRR24889310,sample,CAMEB2,99524,188
SRR24889311,sample,CAMEB2,5879,189
SRR24889312,sample,CAMEB2,440213,190
SRR24889313,sample,CAMEB2,5664,191
SRR24889314,sample,CAMEB2,6777,192
SRR24889315,sample,CAMEB2,405642,193
SRR24889316,sample,CAMEB2,186458,194
SRR24889317,sample,CAMEB2,5309,195
SRR24889318,sample,CAMEB2,87988,196
SRR24889320,sample,CAMEB2,694,197
SRR24889321,sample,CAMEB2,954,198
SRR24889322,sample,CAMEB2,520,199
SRR24889323,sample,CAMEB2,1011,200
SRR24889324,sample,CAMEB2,576,201
SRR24889325,sample,CAMEB2,3582,202
SRR24889326,sample,CAMEB2,44971,203
SRR24889352,sample,CAMEB2,967,204
SRR24889353,sample,CAMEB2,1101,205
SRR24889354,sample,CAMEB2,1505,206
SRR24889355,sample,CAMEB2,230,207
SRR24889356,sample,CAMEB2,113153,208
SRR24889357,sample,CAMEB2,324963,209
SRR24889358,sample,CAMEB2,756,210
SRR24889359,sample,CAMEB2,118655,211
SRR24889360,sample,CAMEB2,2309,212
SRR24889361,sample,CAMEB2,1887,213
SRR24889363,sample,CAMEB2,64290,214
SRR24889364,sample,CAMEB2,777,215
SRR24889365,sample,CAMEB2,56830,216
SRR24889366,sample,CAMEB2,382,217
SRR24889367,sample,CAMEB2,275,218
SRR24889368,sample,CAMEB2,280,219
SRR24889369,sample,CAMEB2,236,220
SRR24889370,sample,CAMEB2,597,221
SRR24889371,sample,CAMEB2,251,222
SRR24889372,sample,CAMEB2,263,223
SRR24889374,sample,CAMEB2,233,224
SRR24889375,sample,CAMEB2,490,225
SRR24889376,sample,CAMEB2,194,226
SRR24889392,sample,CAMEB2,540,227
SRR24889393,sample,CAMEB2,2060,228
SRR24889394,sample,CAMEB2,395,229
SRR24889395,sample,CAMEB2,267,230
SRR24889396,sample,CAMEB2,894,231
SRR24889397,sample,CAMEB2,185,232
SRR24889398,sample,CAMEB2,24541,233
SRR24889399,sample,CAMEB2,51514,234
SRR24889400,sample,CAMEB2,2218750,235
SRR24889401,sample,CAMEB2,56969,236
SRR24889403,sample,CAMEB2,63585,237
SRR24889404,sample,CAMEB2,1277,238
SRR24889405,sample,CAMEB2,3755,239
SRR24889406,sample,CAMEB2,5010,240
SRR24889407,sample,CAMEB2,87107,241
SRR24889408,sample,CAMEB2,4347,242
SRR24889409,sample,CAMEB2,197886,243
SRR24889410,sample,CAMEB2,3074,244
SRR24889411,sample,CAMEB2,2288602,245
SRR24889412,sample,CAMEB2,5439,246
SRR24889414,sample,CAMEB2,24252,247
SRR24889415,sample,CAMEB2,1981,248
SRR24889416,sample,CAMEB2,81643,249
SRR24889417,sample,CAMEB2,936439,250
SRR24889418,sample,CAMEB2,707437,251
SRR24889419,sample,CAMEB2,31101,252
SRR24889420,sample,CAMEB2,236156,253
SRR24889421,sample,CAMEB2,30683,254
SRR24889422,sample,CAMEB2,11353,255
SRR24889423,sample,CAMEB2,82582,256
